,id,name,matchType,status,venue,date,dateTimeGMT,teams,teamInfo,score,series_id,fantasyEnabled,bbbEnabled,hasSquad,matchStarted,matchEnded
0,cc1c57c0-7ecf-4556-8465-47bbac896427,"England vs Pakistan, 2nd Test, Pakistan tour of England 2026",test,Day 1: 1st Session - Pakistan opt to bowl,"Lord's, London",2026-08-27,2026-08-27T10:00:00,"['England', 'Pakistan']","[{'name': 'England', 'shortname': 'ENG', 'img': 'https://g.cricapi.com/iapi/23-637877072894080569.webp?w=48'}, {'name': 'Pakistan', 'shortname': 'PAK', 'img': 'https://g.cricapi.com/iapi/66-637877075103236690.webp?w=48'}]","[{'r': 29, 'w': 2, 'o': 8.1, 'inning': 'England Inning 1'}]",4f8f04e8-8c11-402d-9bc3-48c09603d9d8,False,False,True,True,False
1,d7ad6f40-5f17-4a8e-8552-044453e33b43,"Luxembourg Women vs Belgium Women, 4th T20I, Belgium Women tour of Luxembourg, 2026",t20,Luxembourg Women won by 47 runs,"Pierre Werner Cricket Ground, Walferdange",2026-08-23,2026-08-23T13:30:00,"['Luxembourg Women', 'Belgium Women']","[{'name': 'Belgium Women', 'shortname': 'BW', 'img': 'https://h.cricapi.com/img/icon512.png'}, {'name': 'Luxembourg Women', 'shortname': 'LW', 'img': 'https://g.cricapi.com/iapi/623-637869397000752571.webp?w=48'}]","[{'r': 194, 'w': 0, 'o': 20, 'inning': 'Luxembourg Women Inning 1'}, {'r': 147, 'w': 8, 'o': 20, 'inning': 'Belgium Women Inning 1'}]",2959c81f-9df4-41f8-b9d7-f316975d9677,False,False,False,True,True
2,67c75be2-2cbe-4d4a-9b42-a71277bceab6,"Luxembourg Women vs Belgium Women, 3rd T20I, Belgium Women tour of Luxembourg, 2026",t20,Luxembourg Women won by 4 wkts,"Pierre Werner Cricket Ground, Walferdange",2026-08-23,2026-08-23T08:30:00,"['Luxembourg Women', 'Belgium Women']","[{'name': 'Belgium Women', 'shortname': 'BW', 'img': 'https://h.cricapi.com/img/icon512.png'}, {'name': 'Luxembourg Women', 'shortname': 'LW', 'img': 'https://g.cricapi.com/iapi/623-637869397000752571.webp?w=48'}]","[{'r': 121, 'w': 7, 'o': 20, 'inning': 'Belgium Women Inning 1'}, {'r': 122, 'w': 6, 'o': 18.4, 'inning': 'Luxembourg Women Inning 1'}]",2959c81f-9df4-41f8-b9d7-f316975d9677,False,False,False,True,True
3,1fa3bd8a-4bac-4ebb-b022-aba8281467e3,"Tanzania Women vs Uganda Women, 12th Match, Womens T20I Quadrangular Series in Namibia 2026",t20,Tanzania Women awarded the match (opposition refused to play),"Namibia Cricket Ground, Windhoek",2026-07-28,2026-07-28T12:00:00,"['Tanzania Women', 'Uganda Women']","[{'name': 'Tanzania Women', 'shortname': 'TAN-W', 'img': 'https://g.cricapi.com/iapi/3614-638101761273860958.webp?w=48'}, {'name': 'Uganda Women', 'shortname': 'UGAW', 'img': 'https://g.cricapi.com/iapi/1135-637877086844153505.webp?w=48'}]","[{'r': 116, 'w': 2, 'o': 16.4, 'inning': 'Uganda Women Inning 1'}]",3014a459-6e69-4f64-86eb-2f30a2cdbd0b,True,False,False,True,False
4,d13e1f53-6487-4b61-8b28-84c9833b3e42,"Trinbago Knight Riders vs Saint Lucia Kings, 17th Match, Caribbean Premier League 2026",t20,Saint Lucia Kings won by 36 runs,"Brian Lara Stadium, Tarouba, Trinidad",2026-08-26,2026-08-26T23:00:00,"['Trinbago Knight Riders', 'Saint Lucia Kings']","[{'name': 'Saint Lucia Kings', 'shortname': 'SLK', 'img': 'https://g.cricapi.com/iapi/266-637937643184202597.webp?w=48'}, {'name': 'Trinbago Knight Riders', 'shortname': 'TKR', 'img': 'https://g.cricapi.com/iapi/293-637932465560269082.png?w=48'}]","[{'r': 211, 'w': 4, 'o': 20, 'inning': 'Saint Lucia Kings Inning 1'}, {'r': 175, 'w': 6, 'o': 20, 'inning': 'Trinbago Knight Riders Inning 1'}]",929c36f6-9ed6-4cec-a2ad-910a2ee4f701,False,False,True,True,True
5,d9c33252-aad4-46a8-bc6d-ca87211717a5,"Antigua and Barbuda Falcons vs Barbados Tridents, 16th Match, Caribbean Premier League 2026",t20,Antigua and Barbuda Falcons won by 30 runs,"Sir Vivian Richards Stadium, North Sound, Antigua",2026-08-25,2026-08-25T23:00:00,"['Antigua and Barbuda Falcons', 'Barbados Tridents']","[{'name': 'Antigua and Barbuda Falcons', 'shortname': 'ABF', 'img': 'https://h.cricapi.com/img/icon512.png'}, {'name': 'Barbados Tridents', 'img': 'https://h.cricapi.com/img/icon512.png'}]","[{'r': 155, 'w': 5, 'o': 20, 'inning': 'Barbados Tridents Inning 1'}, {'r': 125, 'w': 10, 'o': 18, 'inning': 'Antigua and Barbuda Falcons Inning 1'}]",929c36f6-9ed6-4cec-a2ad-910a2ee4f701,False,False,True,True,True
6,82fc5df7-fe9f-4970-972f-993a0c251c14,"Antigua and Barbuda Falcons vs Guyana Amazon Warriors, 15th Match, Caribbean Premier League 2026",t20,Guyana Amazon Warriors won by 7 wkts,"Sir Vivian Richards Stadium, North Sound, Antigua",2026-08-23,2026-08-23T23:00:00,"['Antigua and Barbuda Falcons', 'Guyana Amazon Warriors']","[{'name': 'Antigua and Barbuda Falcons', 'shortname': 'ABF', 'img': 'https://h.cricapi.com/img/icon512.png'}, {'name': 'Guyana Amazon Warriors', 'shortname': 'GAW', 'img': 'https://g.cricapi.com/iapi/174-637945408285271060.webp?w=48'}]","[{'r': 116, 'w': 10, 'o': 17, 'inning': 'Antigua and Barbuda Falcons Inning 1'}, {'r': 121, 'w': 3, 'o': 9.5, 'inning': 'Guyana Amazon Warriors Inning 1'}]",929c36f6-9ed6-4cec-a2ad-910a2ee4f701,False,False,True,True,True
7,0a2f4fd1-eb88-4e99-a527-71a8a34775a4,"Trichy Grand Cholas vs Vida Kovai Kings, Qualifier 2, Tamil Nadu Premier League 2026",t20,Vida Kovai Kings won by 84 runs,"MA Chidambaram Stadium, Chennai",2026-08-26,2026-08-26T14:00:00,"['Trichy Grand Cholas', 'Vida Kovai Kings']","[{'name': 'Trichy Grand Cholas', 'shortname': 'TGC', 'img': 'https://h.cricapi.com/img/icon512.png'}, {'name': 'Vida Kovai Kings', 'img': 'https://h.cricapi.com/img/icon512.png'}]","[{'r': 183, 'w': 5, 'o': 20, 'inning': 'vida kovai kings Inning 1'}, {'r': 99, 'w': 10, 'o': 15.4, 'inning': 'Trichy Grand Cholas,Vida Kovai Kings Inning 1'}]",6c3c5876-5cfc-4490-9c8e-8ba90aec4323,False,False,True,True,True
8,bb130949-5eaa-46ff-89d5-883839da1e3a,"Vida Kovai Kings vs IDream Tiruppur Tamizhans, Eliminator, Tamil Nadu Premier League 2026",t20,No result due to rain,"MA Chidambaram Stadium, Chennai",2026-08-24,2026-08-24T14:00:00,"['Vida Kovai Kings', 'IDream Tiruppur Tamizhans']","[{'name': 'IDream Tiruppur Tamizhans', 'shortname': 'ITT', 'img': 'https://g.cricapi.com/iapi/181-637945148142038694.webp?w=48'}, {'name': 'Vida Kovai Kings', 'img': 'https://h.cricapi.com/img/icon512.png'}]","[{'r': 15, 'w': 0, 'o': 3, 'inning': 'IDream Tiruppur Tamizhans Inning 1'}]",6c3c5876-5cfc-4490-9c8e-8ba90aec4323,False,False,True,True,True
9,7d79a71a-0bd5-41eb-8920-6eae1081ba7e,"Madurai Panthers vs Trichy Grand Cholas, Qualifier 1, Tamil Nadu Premier League 2026",t20,No result due to rain - Madurai Panthers opt to bowl,"MA Chidambaram Stadium, Chennai",2026-08-23,2026-08-23T14:00:00,"['Madurai Panthers', 'Trichy Grand Cholas']","[{'name': 'Madurai Panthers', 'shortname': 'MP', 'img': 'https://g.cricapi.com/iapi/217-637940203723122310.webp?w=48'}, {'name': 'Trichy Grand Cholas', 'shortname': 'TGC', 'img': 'https://h.cricapi.com/img/icon512.png'}]","[{'r': 50, 'w': 1, 'o': 4.5, 'inning': 'Trichy Grand Cholas Inning 1'}]",6c3c5876-5cfc-4490-9c8e-8ba90aec4323,False,False,True,True,True
10,2b5a029a-aa13-4d1b-9bbe-cb6446ee7e9b,"Durham vs Gloucestershire, 40th Match, County Championship Division Two 2026",test,Day 1: 1st Session - Durham opt to bowl,"Riverside Ground, Chester-le-Street",2026-08-27,2026-08-27T10:00:00,"['Durham', 'Gloucestershire']","[{'name': 'Durham', 'shortname': 'DURH', 'img': 'https://g.cricapi.com/iapi/1118-637889090599643548.webp?w=48'}, {'name': 'Gloucestershire', 'shortname': 'GLOU', 'img': 'https://g.cricapi.com/iapi/1121-637885550747990018.webp?w=48'}]","[{'r': 89, 'w': 5, 'o': 27, 'inning': 'Gloucestershire Inning 1'}]",dfe730c5-873d-44ce-955c-00d82716749b,False,False,True,True,False
11,80b734be-dda7-4fbf-bd08-f00321aeb492,"Yorkshire vs Leicestershire, 48th Match, County Championship Division One 2026",test,Day 1: 1st Session - Leicestershire opt to bowl,"North Marine Road Ground, Scarborough",2026-08-27,2026-08-27T10:00:00,"['Yorkshire', 'Leicestershire']","[{'name': 'Leicestershire', 'shortname': 'LECS', 'img': 'https://g.cricapi.com/iapi/1126-637889090878436462.webp?w=48'}, {'name': 'Yorkshire', 'shortname': 'YRK', 'img': 'https://g.cricapi.com/iapi/1139-637885552795894277.webp?w=48'}]","[{'r': 75, 'w': 2, 'o': 23.3, 'inning': 'Yorkshire Inning 1'}]",fc9cfc65-4ff6-47c4-baa2-05cc39830e5a,False,False,True,True,False
12,72c97402-850a-40a1-93d7-d0466af31471,"Glamorgan vs Hampshire, 49th Match, County Championship Division One 2026",test,Day 1: 1st Session - Glamorgan opt to bowl,"Sophia Gardens, Cardiff",2026-08-27,2026-08-27T10:00:00,"['Glamorgan', 'Hampshire']","[{'name': 'Glamorgan', 'shortname': 'GLAM', 'img': 'https://g.cricapi.com/iapi/1120-637889090390357869.webp?w=48'}, {'name': 'Hampshire', 'shortname': 'HAM', 'img': 'https://g.cricapi.com/iapi/1122-637885550993657486.webp?w=48'}]","[{'r': 85, 'w': 4, 'o': 22.1, 'inning': 'Hampshire Inning 1'}]",fc9cfc65-4ff6-47c4-baa2-05cc39830e5a,False,False,True,True,False
13,3c647e81-d74e-47a3-90fb-e1d3f451d5f6,"Sussex vs Somerset, 50th Match, County Championship Division One 2026",test,Day 1: 1st Session - Sussex opt to bowl,"County Ground, Hove",2026-08-27,2026-08-27T10:00:00,"['Sussex', 'Somerset']","[{'name': 'Somerset', 'shortname': 'SOM', 'img': 'https://g.cricapi.com/iapi/1131-637885552070524344.webp?w=48'}, {'name': 'Sussex', 'shortname': 'SUSS', 'img': 'https://g.cricapi.com/iapi/1134-637889091814592518.webp?w=48'}]","[{'r': 92, 'w': 4, 'o': 28.2, 'inning': 'Somerset Inning 1'}]",fc9cfc65-4ff6-47c4-baa2-05cc39830e5a,False,False,True,True,False
14,cc1c57c0-7ecf-4556-8465-47bbac896427,"England vs Pakistan, 2nd Test, Pakistan tour of England 2026",test,Day 1: 1st Session - Pakistan opt to bowl,"Lord's, London",2026-08-27,2026-08-27T10:00:00,"['England', 'Pakistan']","[{'name': 'England', 'shortname': 'ENG', 'img': 'https://g.cricapi.com/iapi/23-637877072894080569.webp?w=48'}, {'name': 'Pakistan', 'shortname': 'PAK', 'img': 'https://g.cricapi.com/iapi/66-637877075103236690.webp?w=48'}]","[{'r': 29, 'w': 2, 'o': 8.1, 'inning': 'England Inning 1'}]",4f8f04e8-8c11-402d-9bc3-48c09603d9d8,False,False,True,True,False
15,d7ad6f40-5f17-4a8e-8552-044453e33b43,"Luxembourg Women vs Belgium Women, 4th T20I, Belgium Women tour of Luxembourg, 2026",t20,Luxembourg Women won by 47 runs,"Pierre Werner Cricket Ground, Walferdange",2026-08-23,2026-08-23T13:30:00,"['Luxembourg Women', 'Belgium Women']","[{'name': 'Belgium Women', 'shortname': 'BW', 'img': 'https://h.cricapi.com/img/icon512.png'}, {'name': 'Luxembourg Women', 'shortname': 'LW', 'img': 'https://g.cricapi.com/iapi/623-637869397000752571.webp?w=48'}]","[{'r': 194, 'w': 0, 'o': 20, 'inning': 'Luxembourg Women Inning 1'}, {'r': 147, 'w': 8, 'o': 20, 'inning': 'Belgium Women Inning 1'}]",2959c81f-9df4-41f8-b9d7-f316975d9677,False,False,False,True,True
16,67c75be2-2cbe-4d4a-9b42-a71277bceab6,"Luxembourg Women vs Belgium Women, 3rd T20I, Belgium Women tour of Luxembourg, 2026",t20,Luxembourg Women won by 4 wkts,"Pierre Werner Cricket Ground, Walferdange",2026-08-23,2026-08-23T08:30:00,"['Luxembourg Women', 'Belgium Women']","[{'name': 'Belgium Women', 'shortname': 'BW', 'img': 'https://h.cricapi.com/img/icon512.png'}, {'name': 'Luxembourg Women', 'shortname': 'LW', 'img': 'https://g.cricapi.com/iapi/623-637869397000752571.webp?w=48'}]","[{'r': 121, 'w': 7, 'o': 20, 'inning': 'Belgium Women Inning 1'}, {'r': 122, 'w': 6, 'o': 18.4, 'inning': 'Luxembourg Women Inning 1'}]",2959c81f-9df4-41f8-b9d7-f316975d9677,False,False,False,True,True
17,1fa3bd8a-4bac-4ebb-b022-aba8281467e3,"Tanzania Women vs Uganda Women, 12th Match, Womens T20I Quadrangular Series in Namibia 2026",t20,Tanzania Women awarded the match (opposition refused to play),"Namibia Cricket Ground, Windhoek",2026-07-28,2026-07-28T12:00:00,"['Tanzania Women', 'Uganda Women']","[{'name': 'Tanzania Women', 'shortname': 'TAN-W', 'img': 'https://g.cricapi.com/iapi/3614-638101761273860958.webp?w=48'}, {'name': 'Uganda Women', 'shortname': 'UGAW', 'img': 'https://g.cricapi.com/iapi/1135-637877086844153505.webp?w=48'}]","[{'r': 116, 'w': 2, 'o': 16.4, 'inning': 'Uganda Women Inning 1'}]",3014a459-6e69-4f64-86eb-2f30a2cdbd0b,True,False,False,True,False
18,d13e1f53-6487-4b61-8b28-84c9833b3e42,"Trinbago Knight Riders vs Saint Lucia Kings, 17th Match, Caribbean Premier League 2026",t20,Saint Lucia Kings won by 36 runs,"Brian Lara Stadium, Tarouba, Trinidad",2026-08-26,2026-08-26T23:00:00,"['Trinbago Knight Riders', 'Saint Lucia Kings']","[{'name': 'Saint Lucia Kings', 'shortname': 'SLK', 'img': 'https://g.cricapi.com/iapi/266-637937643184202597.webp?w=48'}, {'name': 'Trinbago Knight Riders', 'shortname': 'TKR', 'img': 'https://g.cricapi.com/iapi/293-637932465560269082.png?w=48'}]","[{'r': 211, 'w': 4, 'o': 20, 'inning': 'Saint Lucia Kings Inning 1'}, {'r': 175, 'w': 6, 'o': 20, 'inning': 'Trinbago Knight Riders Inning 1'}]",929c36f6-9ed6-4cec-a2ad-910a2ee4f701,False,False,True,True,True
19,d9c33252-aad4-46a8-bc6d-ca87211717a5,"Antigua and Barbuda Falcons vs Barbados Tridents, 16th Match, Caribbean Premier League 2026",t20,Antigua and Barbuda Falcons won by 30 runs,"Sir Vivian Richards Stadium, North Sound, Antigua",2026-08-25,2026-08-25T23:00:00,"['Antigua and Barbuda Falcons', 'Barbados Tridents']","[{'name': 'Antigua and Barbuda Falcons', 'shortname': 'ABF', 'img': 'https://h.cricapi.com/img/icon512.png'}, {'name': 'Barbados Tridents', 'img': 'https://h.cricapi.com/img/icon512.png'}]","[{'r': 155, 'w': 5, 'o': 20, 'inning': 'Barbados Tridents Inning 1'}, {'r': 125, 'w': 10, 'o': 18, 'inning': 'Antigua and Barbuda Falcons Inning 1'}]",929c36f6-9ed6-4cec-a2ad-910a2ee4f701,False,False,True,True,True
20,82fc5df7-fe9f-4970-972f-993a0c251c14,"Antigua and Barbuda Falcons vs Guyana Amazon Warriors, 15th Match, Caribbean Premier League 2026",t20,Guyana Amazon Warriors won by 7 wkts,"Sir Vivian Richards Stadium, North Sound, Antigua",2026-08-23,2026-08-23T23:00:00,"['Antigua and Barbuda Falcons', 'Guyana Amazon Warriors']","[{'name': 'Antigua and Barbuda Falcons', 'shortname': 'ABF', 'img': 'https://h.cricapi.com/img/icon512.png'}, {'name': 'Guyana Amazon Warriors', 'shortname': 'GAW', 'img': 'https://g.cricapi.com/iapi/174-637945408285271060.webp?w=48'}]","[{'r': 116, 'w': 10, 'o': 17, 'inning': 'Antigua and Barbuda Falcons Inning 1'}, {'r': 121, 'w': 3, 'o': 9.5, 'inning': 'Guyana Amazon Warriors Inning 1'}]",929c36f6-9ed6-4cec-a2ad-910a2ee4f701,False,False,True,True,True
21,0a2f4fd1-eb88-4e99-a527-71a8a34775a4,"Trichy Grand Cholas vs Vida Kovai Kings, Qualifier 2, Tamil Nadu Premier League 2026",t20,Vida Kovai Kings won by 84 runs,"MA Chidambaram Stadium, Chennai",2026-08-26,2026-08-26T14:00:00,"['Trichy Grand Cholas', 'Vida Kovai Kings']","[{'name': 'Trichy Grand Cholas', 'shortname': 'TGC', 'img': 'https://h.cricapi.com/img/icon512.png'}, {'name': 'Vida Kovai Kings', 'img': 'https://h.cricapi.com/img/icon512.png'}]","[{'r': 183, 'w': 5, 'o': 20, 'inning': 'vida kovai kings Inning 1'}, {'r': 99, 'w': 10, 'o': 15.4, 'inning': 'Trichy Grand Cholas,Vida Kovai Kings Inning 1'}]",6c3c5876-5cfc-4490-9c8e-8ba90aec4323,False,False,True,True,True
22,bb130949-5eaa-46ff-89d5-883839da1e3a,"Vida Kovai Kings vs IDream Tiruppur Tamizhans, Eliminator, Tamil Nadu Premier League 2026",t20,No result due to rain,"MA Chidambaram Stadium, Chennai",2026-08-24,2026-08-24T14:00:00,"['Vida Kovai Kings', 'IDream Tiruppur Tamizhans']","[{'name': 'IDream Tiruppur Tamizhans', 'shortname': 'ITT', 'img': 'https://g.cricapi.com/iapi/181-637945148142038694.webp?w=48'}, {'name': 'Vida Kovai Kings', 'img': 'https://h.cricapi.com/img/icon512.png'}]","[{'r': 15, 'w': 0, 'o': 3, 'inning': 'IDream Tiruppur Tamizhans Inning 1'}]",6c3c5876-5cfc-4490-9c8e-8ba90aec4323,False,False,True,True,True
23,7d79a71a-0bd5-41eb-8920-6eae1081ba7e,"Madurai Panthers vs Trichy Grand Cholas, Qualifier 1, Tamil Nadu Premier League 2026",t20,No result due to rain - Madurai Panthers opt to bowl,"MA Chidambaram Stadium, Chennai",2026-08-23,2026-08-23T14:00:00,"['Madurai Panthers', 'Trichy Grand Cholas']","[{'name': 'Madurai Panthers', 'shortname': 'MP', 'img': 'https://g.cricapi.com/iapi/217-637940203723122310.webp?w=48'}, {'name': 'Trichy Grand Cholas', 'shortname': 'TGC', 'img': 'https://h.cricapi.com/img/icon512.png'}]","[{'r': 50, 'w': 1, 'o': 4.5, 'inning': 'Trichy Grand Cholas Inning 1'}]",6c3c5876-5cfc-4490-9c8e-8ba90aec4323,False,False,True,True,True
24,2b5a029a-aa13-4d1b-9bbe-cb6446ee7e9b,"Durham vs Gloucestershire, 40th Match, County Championship Division Two 2026",test,Day 1: 1st Session - Durham opt to bowl,"Riverside Ground, Chester-le-Street",2026-08-27,2026-08-27T10:00:00,"['Durham', 'Gloucestershire']","[{'name': 'Durham', 'shortname': 'DURH', 'img': 'https://g.cricapi.com/iapi/1118-637889090599643548.webp?w=48'}, {'name': 'Gloucestershire', 'shortname': 'GLOU', 'img': 'https://g.cricapi.com/iapi/1121-637885550747990018.webp?w=48'}]","[{'r': 89, 'w': 5, 'o': 27, 'inning': 'Gloucestershire Inning 1'}]",dfe730c5-873d-44ce-955c-00d82716749b,False,False,True,True,False
25,80b734be-dda7-4fbf-bd08-f00321aeb492,"Yorkshire vs Leicestershire, 48th Match, County Championship Division One 2026",test,Day 1: 1st Session - Leicestershire opt to bowl,"North Marine Road Ground, Scarborough",2026-08-27,2026-08-27T10:00:00,"['Yorkshire', 'Leicestershire']","[{'name': 'Leicestershire', 'shortname': 'LECS', 'img': 'https://g.cricapi.com/iapi/1126-637889090878436462.webp?w=48'}, {'name': 'Yorkshire', 'shortname': 'YRK', 'img': 'https://g.cricapi.com/iapi/1139-637885552795894277.webp?w=48'}]","[{'r': 75, 'w': 2, 'o': 23.3, 'inning': 'Yorkshire Inning 1'}]",fc9cfc65-4ff6-47c4-baa2-05cc39830e5a,False,False,True,True,False
26,72c97402-850a-40a1-93d7-d0466af31471,"Glamorgan vs Hampshire, 49th Match, County Championship Division One 2026",test,Day 1: 1st Session - Glamorgan opt to bowl,"Sophia Gardens, Cardiff",2026-08-27,2026-08-27T10:00:00,"['Glamorgan', 'Hampshire']","[{'name': 'Glamorgan', 'shortname': 'GLAM', 'img': 'https://g.cricapi.com/iapi/1120-637889090390357869.webp?w=48'}, {'name': 'Hampshire', 'shortname': 'HAM', 'img': 'https://g.cricapi.com/iapi/1122-637885550993657486.webp?w=48'}]","[{'r': 85, 'w': 4, 'o': 22.1, 'inning': 'Hampshire Inning 1'}]",fc9cfc65-4ff6-47c4-baa2-05cc39830e5a,False,False,True,True,False
27,3c647e81-d74e-47a3-90fb-e1d3f451d5f6,"Sussex vs Somerset, 50th Match, County Championship Division One 2026",test,Day 1: 1st Session - Sussex opt to bowl,"County Ground, Hove",2026-08-27,2026-08-27T10:00:00,"['Sussex', 'Somerset']","[{'name': 'Somerset', 'shortname': 'SOM', 'img': 'https://g.cricapi.com/iapi/1131-637885552070524344.webp?w=48'}, {'name': 'Sussex', 'shortname': 'SUSS', 'img': 'https://g.cricapi.com/iapi/1134-637889091814592518.webp?w=48'}]","[{'r': 92, 'w': 4, 'o': 28.2, 'inning': 'Somerset Inning 1'}]",fc9cfc65-4ff6-47c4-baa2-05cc39830e5a,False,False,True,True,False
28,cc1c57c0-7ecf-4556-8465-47bbac896427,"England vs Pakistan, 2nd Test, Pakistan tour of England 2026",test,Day 1: 1st Session - Pakistan opt to bowl,"Lord's, London",2026-08-27,2026-08-27T10:00:00,"['England', 'Pakistan']","[{'name': 'England', 'shortname': 'ENG', 'img': 'https://g.cricapi.com/iapi/23-637877072894080569.webp?w=48'}, {'name': 'Pakistan', 'shortname': 'PAK', 'img': 'https://g.cricapi.com/iapi/66-637877075103236690.webp?w=48'}]","[{'r': 29, 'w': 2, 'o': 8.1, 'inning': 'England Inning 1'}]",4f8f04e8-8c11-402d-9bc3-48c09603d9d8,False,False,True,True,False
29,d7ad6f40-5f17-4a8e-8552-044453e33b43,"Luxembourg Women vs Belgium Women, 4th T20I, Belgium Women tour of Luxembourg, 2026",t20,Luxembourg Women won by 47 runs,"Pierre Werner Cricket Ground, Walferdange",2026-08-23,2026-08-23T13:30:00,"['Luxembourg Women', 'Belgium Women']","[{'name': 'Belgium Women', 'shortname': 'BW', 'img': 'https://h.cricapi.com/img/icon512.png'}, {'name': 'Luxembourg Women', 'shortname': 'LW', 'img': 'https://g.cricapi.com/iapi/623-637869397000752571.webp?w=48'}]","[{'r': 194, 'w': 0, 'o': 20, 'inning': 'Luxembourg Women Inning 1'}, {'r': 147, 'w': 8, 'o': 20, 'inning': 'Belgium Women Inning 1'}]",2959c81f-9df4-41f8-b9d7-f316975d9677,False,False,False,True,True
30,67c75be2-2cbe-4d4a-9b42-a71277bceab6,"Luxembourg Women vs Belgium Women, 3rd T20I, Belgium Women tour of Luxembourg, 2026",t20,Luxembourg Women won by 4 wkts,"Pierre Werner Cricket Ground, Walferdange",2026-08-23,2026-08-23T08:30:00,"['Luxembourg Women', 'Belgium Women']","[{'name': 'Belgium Women', 'shortname': 'BW', 'img': 'https://h.cricapi.com/img/icon512.png'}, {'name': 'Luxembourg Women', 'shortname': 'LW', 'img': 'https://g.cricapi.com/iapi/623-637869397000752571.webp?w=48'}]","[{'r': 121, 'w': 7, 'o': 20, 'inning': 'Belgium Women Inning 1'}, {'r': 122, 'w': 6, 'o': 18.4, 'inning': 'Luxembourg Women Inning 1'}]",2959c81f-9df4-41f8-b9d7-f316975d9677,False,False,False,True,True
31,1fa3bd8a-4bac-4ebb-b022-aba8281467e3,"Tanzania Women vs Uganda Women, 12th Match, Womens T20I Quadrangular Series in Namibia 2026",t20,Tanzania Women awarded the match (opposition refused to play),"Namibia Cricket Ground, Windhoek",2026-07-28,2026-07-28T12:00:00,"['Tanzania Women', 'Uganda Women']","[{'name': 'Tanzania Women', 'shortname': 'TAN-W', 'img': 'https://g.cricapi.com/iapi/3614-638101761273860958.webp?w=48'}, {'name': 'Uganda Women', 'shortname': 'UGAW', 'img': 'https://g.cricapi.com/iapi/1135-637877086844153505.webp?w=48'}]","[{'r': 116, 'w': 2, 'o': 16.4, 'inning': 'Uganda Women Inning 1'}]",3014a459-6e69-4f64-86eb-2f30a2cdbd0b,True,False,False,True,False
32,d13e1f53-6487-4b61-8b28-84c9833b3e42,"Trinbago Knight Riders vs Saint Lucia Kings, 17th Match, Caribbean Premier League 2026",t20,Saint Lucia Kings won by 36 runs,"Brian Lara Stadium, Tarouba, Trinidad",2026-08-26,2026-08-26T23:00:00,"['Trinbago Knight Riders', 'Saint Lucia Kings']","[{'name': 'Saint Lucia Kings', 'shortname': 'SLK', 'img': 'https://g.cricapi.com/iapi/266-637937643184202597.webp?w=48'}, {'name': 'Trinbago Knight Riders', 'shortname': 'TKR', 'img': 'https://g.cricapi.com/iapi/293-637932465560269082.png?w=48'}]","[{'r': 211, 'w': 4, 'o': 20, 'inning': 'Saint Lucia Kings Inning 1'}, {'r': 175, 'w': 6, 'o': 20, 'inning': 'Trinbago Knight Riders Inning 1'}]",929c36f6-9ed6-4cec-a2ad-910a2ee4f701,False,False,True,True,True
33,d9c33252-aad4-46a8-bc6d-ca87211717a5,"Antigua and Barbuda Falcons vs Barbados Tridents, 16th Match, Caribbean Premier League 2026",t20,Antigua and Barbuda Falcons won by 30 runs,"Sir Vivian Richards Stadium, North Sound, Antigua",2026-08-25,2026-08-25T23:00:00,"['Antigua and Barbuda Falcons', 'Barbados Tridents']","[{'name': 'Antigua and Barbuda Falcons', 'shortname': 'ABF', 'img': 'https://h.cricapi.com/img/icon512.png'}, {'name': 'Barbados Tridents', 'img': 'https://h.cricapi.com/img/icon512.png'}]","[{'r': 155, 'w': 5, 'o': 20, 'inning': 'Barbados Tridents Inning 1'}, {'r': 125, 'w': 10, 'o': 18, 'inning': 'Antigua and Barbuda Falcons Inning 1'}]",929c36f6-9ed6-4cec-a2ad-910a2ee4f701,False,False,True,True,True
34,82fc5df7-fe9f-4970-972f-993a0c251c14,"Antigua and Barbuda Falcons vs Guyana Amazon Warriors, 15th Match, Caribbean Premier League 2026",t20,Guyana Amazon Warriors won by 7 wkts,"Sir Vivian Richards Stadium, North Sound, Antigua",2026-08-23,2026-08-23T23:00:00,"['Antigua and Barbuda Falcons', 'Guyana Amazon Warriors']","[{'name': 'Antigua and Barbuda Falcons', 'shortname': 'ABF', 'img': 'https://h.cricapi.com/img/icon512.png'}, {'name': 'Guyana Amazon Warriors', 'shortname': 'GAW', 'img': 'https://g.cricapi.com/iapi/174-637945408285271060.webp?w=48'}]","[{'r': 116, 'w': 10, 'o': 17, 'inning': 'Antigua and Barbuda Falcons Inning 1'}, {'r': 121, 'w': 3, 'o': 9.5, 'inning': 'Guyana Amazon Warriors Inning 1'}]",929c36f6-9ed6-4cec-a2ad-910a2ee4f701,False,False,True,True,True
35,0a2f4fd1-eb88-4e99-a527-71a8a34775a4,"Trichy Grand Cholas vs Vida Kovai Kings, Qualifier 2, Tamil Nadu Premier League 2026",t20,Vida Kovai Kings won by 84 runs,"MA Chidambaram Stadium, Chennai",2026-08-26,2026-08-26T14:00:00,"['Trichy Grand Cholas', 'Vida Kovai Kings']","[{'name': 'Trichy Grand Cholas', 'shortname': 'TGC', 'img': 'https://h.cricapi.com/img/icon512.png'}, {'name': 'Vida Kovai Kings', 'img': 'https://h.cricapi.com/img/icon512.png'}]","[{'r': 183, 'w': 5, 'o': 20, 'inning': 'vida kovai kings Inning 1'}, {'r': 99, 'w': 10, 'o': 15.4, 'inning': 'Trichy Grand Cholas,Vida Kovai Kings Inning 1'}]",6c3c5876-5cfc-4490-9c8e-8ba90aec4323,False,False,True,True,True
36,bb130949-5eaa-46ff-89d5-883839da1e3a,"Vida Kovai Kings vs IDream Tiruppur Tamizhans, Eliminator, Tamil Nadu Premier League 2026",t20,No result due to rain,"MA Chidambaram Stadium, Chennai",2026-08-24,2026-08-24T14:00:00,"['Vida Kovai Kings', 'IDream Tiruppur Tamizhans']","[{'name': 'IDream Tiruppur Tamizhans', 'shortname': 'ITT', 'img': 'https://g.cricapi.com/iapi/181-637945148142038694.webp?w=48'}, {'name': 'Vida Kovai Kings', 'img': 'https://h.cricapi.com/img/icon512.png'}]","[{'r': 15, 'w': 0, 'o': 3, 'inning': 'IDream Tiruppur Tamizhans Inning 1'}]",6c3c5876-5cfc-4490-9c8e-8ba90aec4323,False,False,True,True,True
37,7d79a71a-0bd5-41eb-8920-6eae1081ba7e,"Madurai Panthers vs Trichy Grand Cholas, Qualifier 1, Tamil Nadu Premier League 2026",t20,No result due to rain - Madurai Panthers opt to bowl,"MA Chidambaram Stadium, Chennai",2026-08-23,2026-08-23T14:00:00,"['Madurai Panthers', 'Trichy Grand Cholas']","[{'name': 'Madurai Panthers', 'shortname': 'MP', 'img': 'https://g.cricapi.com/iapi/217-637940203723122310.webp?w=48'}, {'name': 'Trichy Grand Cholas', 'shortname': 'TGC', 'img': 'https://h.cricapi.com/img/icon512.png'}]","[{'r': 50, 'w': 1, 'o': 4.5, 'inning': 'Trichy Grand Cholas Inning 1'}]",6c3c5876-5cfc-4490-9c8e-8ba90aec4323,False,False,True,True,True
38,2b5a029a-aa13-4d1b-9bbe-cb6446ee7e9b,"Durham vs Gloucestershire, 40th Match, County Championship Division Two 2026",test,Day 1: 1st Session - Durham opt to bowl,"Riverside Ground, Chester-le-Street",2026-08-27,2026-08-27T10:00:00,"['Durham', 'Gloucestershire']","[{'name': 'Durham', 'shortname': 'DURH', 'img': 'https://g.cricapi.com/iapi/1118-637889090599643548.webp?w=48'}, {'name': 'Gloucestershire', 'shortname': 'GLOU', 'img': 'https://g.cricapi.com/iapi/1121-637885550747990018.webp?w=48'}]","[{'r': 89, 'w': 5, 'o': 27, 'inning': 'Gloucestershire Inning 1'}]",dfe730c5-873d-44ce-955c-00d82716749b,False,False,True,True,False
39,80b734be-dda7-4fbf-bd08-f00321aeb492,"Yorkshire vs Leicestershire, 48th Match, County Championship Division One 2026",test,Day 1: 1st Session - Leicestershire opt to bowl,"North Marine Road Ground, Scarborough",2026-08-27,2026-08-27T10:00:00,"['Yorkshire', 'Leicestershire']","[{'name': 'Leicestershire', 'shortname': 'LECS', 'img': 'https://g.cricapi.com/iapi/1126-637889090878436462.webp?w=48'}, {'name': 'Yorkshire', 'shortname': 'YRK', 'img': 'https://g.cricapi.com/iapi/1139-637885552795894277.webp?w=48'}]","[{'r': 75, 'w': 2, 'o': 23.3, 'inning': 'Yorkshire Inning 1'}]",fc9cfc65-4ff6-47c4-baa2-05cc39830e5a,False,False,True,True,False
40,72c97402-850a-40a1-93d7-d0466af31471,"Glamorgan vs Hampshire, 49th Match, County Championship Division One 2026",test,Day 1: 1st Session - Glamorgan opt to bowl,"Sophia Gardens, Cardiff",2026-08-27,2026-08-27T10:00:00,"['Glamorgan', 'Hampshire']","[{'name': 'Glamorgan', 'shortname': 'GLAM', 'img': 'https://g.cricapi.com/iapi/1120-637889090390357869.webp?w=48'}, {'name': 'Hampshire', 'shortname': 'HAM', 'img': 'https://g.cricapi.com/iapi/1122-637885550993657486.webp?w=48'}]","[{'r': 85, 'w': 4, 'o': 22.1, 'inning': 'Hampshire Inning 1'}]",fc9cfc65-4ff6-47c4-baa2-05cc39830e5a,False,False,True,True,False
41,3c647e81-d74e-47a3-90fb-e1d3f451d5f6,"Sussex vs Somerset, 50th Match, County Championship Division One 2026",test,Day 1: 1st Session - Sussex opt to bowl,"County Ground, Hove",2026-08-27,2026-08-27T10:00:00,"['Sussex', 'Somerset']","[{'name': 'Somerset', 'shortname': 'SOM', 'img': 'https://g.cricapi.com/iapi/1131-637885552070524344.webp?w=48'}, {'name': 'Sussex', 'shortname': 'SUSS', 'img': 'https://g.cricapi.com/iapi/1134-637889091814592518.webp?w=48'}]","[{'r': 92, 'w': 4, 'o': 28.2, 'inning': 'Somerset Inning 1'}]",fc9cfc65-4ff6-47c4-baa2-05cc39830e5a,False,False,True,True,False
42,cc1c57c0-7ecf-4556-8465-47bbac896427,"England vs Pakistan, 2nd Test, Pakistan tour of England 2026",test,Day 1: 1st Session - Pakistan opt to bowl,"Lord's, London",2026-08-27,2026-08-27T10:00:00,"['England', 'Pakistan']","[{'name': 'England', 'shortname': 'ENG', 'img': 'https://g.cricapi.com/iapi/23-637877072894080569.webp?w=48'}, {'name': 'Pakistan', 'shortname': 'PAK', 'img': 'https://g.cricapi.com/iapi/66-637877075103236690.webp?w=48'}]","[{'r': 29, 'w': 2, 'o': 8.1, 'inning': 'England Inning 1'}]",4f8f04e8-8c11-402d-9bc3-48c09603d9d8,False,False,True,True,False
43,d7ad6f40-5f17-4a8e-8552-044453e33b43,"Luxembourg Women vs Belgium Women, 4th T20I, Belgium Women tour of Luxembourg, 2026",t20,Luxembourg Women won by 47 runs,"Pierre Werner Cricket Ground, Walferdange",2026-08-23,2026-08-23T13:30:00,"['Luxembourg Women', 'Belgium Women']","[{'name': 'Belgium Women', 'shortname': 'BW', 'img': 'https://h.cricapi.com/img/icon512.png'}, {'name': 'Luxembourg Women', 'shortname': 'LW', 'img': 'https://g.cricapi.com/iapi/623-637869397000752571.webp?w=48'}]","[{'r': 194, 'w': 0, 'o': 20, 'inning': 'Luxembourg Women Inning 1'}, {'r': 147, 'w': 8, 'o': 20, 'inning': 'Belgium Women Inning 1'}]",2959c81f-9df4-41f8-b9d7-f316975d9677,False,False,False,True,True
44,67c75be2-2cbe-4d4a-9b42-a71277bceab6,"Luxembourg Women vs Belgium Women, 3rd T20I, Belgium Women tour of Luxembourg, 2026",t20,Luxembourg Women won by 4 wkts,"Pierre Werner Cricket Ground, Walferdange",2026-08-23,2026-08-23T08:30:00,"['Luxembourg Women', 'Belgium Women']","[{'name': 'Belgium Women', 'shortname': 'BW', 'img': 'https://h.cricapi.com/img/icon512.png'}, {'name': 'Luxembourg Women', 'shortname': 'LW', 'img': 'https://g.cricapi.com/iapi/623-637869397000752571.webp?w=48'}]","[{'r': 121, 'w': 7, 'o': 20, 'inning': 'Belgium Women Inning 1'}, {'r': 122, 'w': 6, 'o': 18.4, 'inning': 'Luxembourg Women Inning 1'}]",2959c81f-9df4-41f8-b9d7-f316975d9677,False,False,False,True,True
45,1fa3bd8a-4bac-4ebb-b022-aba8281467e3,"Tanzania Women vs Uganda Women, 12th Match, Womens T20I Quadrangular Series in Namibia 2026",t20,Tanzania Women awarded the match (opposition refused to play),"Namibia Cricket Ground, Windhoek",2026-07-28,2026-07-28T12:00:00,"['Tanzania Women', 'Uganda Women']","[{'name': 'Tanzania Women', 'shortname': 'TAN-W', 'img': 'https://g.cricapi.com/iapi/3614-638101761273860958.webp?w=48'}, {'name': 'Uganda Women', 'shortname': 'UGAW', 'img': 'https://g.cricapi.com/iapi/1135-637877086844153505.webp?w=48'}]","[{'r': 116, 'w': 2, 'o': 16.4, 'inning': 'Uganda Women Inning 1'}]",3014a459-6e69-4f64-86eb-2f30a2cdbd0b,True,False,False,True,False
46,d13e1f53-6487-4b61-8b28-84c9833b3e42,"Trinbago Knight Riders vs Saint Lucia Kings, 17th Match, Caribbean Premier League 2026",t20,Saint Lucia Kings won by 36 runs,"Brian Lara Stadium, Tarouba, Trinidad",2026-08-26,2026-08-26T23:00:00,"['Trinbago Knight Riders', 'Saint Lucia Kings']","[{'name': 'Saint Lucia Kings', 'shortname': 'SLK', 'img': 'https://g.cricapi.com/iapi/266-637937643184202597.webp?w=48'}, {'name': 'Trinbago Knight Riders', 'shortname': 'TKR', 'img': 'https://g.cricapi.com/iapi/293-637932465560269082.png?w=48'}]","[{'r': 211, 'w': 4, 'o': 20, 'inning': 'Saint Lucia Kings Inning 1'}, {'r': 175, 'w': 6, 'o': 20, 'inning': 'Trinbago Knight Riders Inning 1'}]",929c36f6-9ed6-4cec-a2ad-910a2ee4f701,False,False,True,True,True
47,d9c33252-aad4-46a8-bc6d-ca87211717a5,"Antigua and Barbuda Falcons vs Barbados Tridents, 16th Match, Caribbean Premier League 2026",t20,Antigua and Barbuda Falcons won by 30 runs,"Sir Vivian Richards Stadium, North Sound, Antigua",2026-08-25,2026-08-25T23:00:00,"['Antigua and Barbuda Falcons', 'Barbados Tridents']","[{'name': 'Antigua and Barbuda Falcons', 'shortname': 'ABF', 'img': 'https://h.cricapi.com/img/icon512.png'}, {'name': 'Barbados Tridents', 'img': 'https://h.cricapi.com/img/icon512.png'}]","[{'r': 155, 'w': 5, 'o': 20, 'inning': 'Barbados Tridents Inning 1'}, {'r': 125, 'w': 10, 'o': 18, 'inning': 'Antigua and Barbuda Falcons Inning 1'}]",929c36f6-9ed6-4cec-a2ad-910a2ee4f701,False,False,True,True,True
48,82fc5df7-fe9f-4970-972f-993a0c251c14,"Antigua and Barbuda Falcons vs Guyana Amazon Warriors, 15th Match, Caribbean Premier League 2026",t20,Guyana Amazon Warriors won by 7 wkts,"Sir Vivian Richards Stadium, North Sound, Antigua",2026-08-23,2026-08-23T23:00:00,"['Antigua and Barbuda Falcons', 'Guyana Amazon Warriors']","[{'name': 'Antigua and Barbuda Falcons', 'shortname': 'ABF', 'img': 'https://h.cricapi.com/img/icon512.png'}, {'name': 'Guyana Amazon Warriors', 'shortname': 'GAW', 'img': 'https://g.cricapi.com/iapi/174-637945408285271060.webp?w=48'}]","[{'r': 116, 'w': 10, 'o': 17, 'inning': 'Antigua and Barbuda Falcons Inning 1'}, {'r': 121, 'w': 3, 'o': 9.5, 'inning': 'Guyana Amazon Warriors Inning 1'}]",929c36f6-9ed6-4cec-a2ad-910a2ee4f701,False,False,True,True,True
49,0a2f4fd1-eb88-4e99-a527-71a8a34775a4,"Trichy Grand Cholas vs Vida Kovai Kings, Qualifier 2, Tamil Nadu Premier League 2026",t20,Vida Kovai Kings won by 84 runs,"MA Chidambaram Stadium, Chennai",2026-08-26,2026-08-26T14:00:00,"['Trichy Grand Cholas', 'Vida Kovai Kings']","[{'name': 'Trichy Grand Cholas', 'shortname': 'TGC', 'img': 'https://h.cricapi.com/img/icon512.png'}, {'name': 'Vida Kovai Kings', 'img': 'https://h.cricapi.com/img/icon512.png'}]","[{'r': 183, 'w': 5, 'o': 20, 'inning': 'vida kovai kings Inning 1'}, {'r': 99, 'w': 10, 'o': 15.4, 'inning': 'Trichy Grand Cholas,Vida Kovai Kings Inning 1'}]",6c3c5876-5cfc-4490-9c8e-8ba90aec4323,False,False,True,True,True
50,bb130949-5eaa-46ff-89d5-883839da1e3a,"Vida Kovai Kings vs IDream Tiruppur Tamizhans, Eliminator, Tamil Nadu Premier League 2026",t20,No result due to rain,"MA Chidambaram Stadium, Chennai",2026-08-24,2026-08-24T14:00:00,"['Vida Kovai Kings', 'IDream Tiruppur Tamizhans']","[{'name': 'IDream Tiruppur Tamizhans', 'shortname': 'ITT', 'img': 'https://g.cricapi.com/iapi/181-637945148142038694.webp?w=48'}, {'name': 'Vida Kovai Kings', 'img': 'https://h.cricapi.com/img/icon512.png'}]","[{'r': 15, 'w': 0, 'o': 3, 'inning': 'IDream Tiruppur Tamizhans Inning 1'}]",6c3c5876-5cfc-4490-9c8e-8ba90aec4323,False,False,True,True,True
51,7d79a71a-0bd5-41eb-8920-6eae1081ba7e,"Madurai Panthers vs Trichy Grand Cholas, Qualifier 1, Tamil Nadu Premier League 2026",t20,No result due to rain - Madurai Panthers opt to bowl,"MA Chidambaram Stadium, Chennai",2026-08-23,2026-08-23T14:00:00,"['Madurai Panthers', 'Trichy Grand Cholas']","[{'name': 'Madurai Panthers', 'shortname': 'MP', 'img': 'https://g.cricapi.com/iapi/217-637940203723122310.webp?w=48'}, {'name': 'Trichy Grand Cholas', 'shortname': 'TGC', 'img': 'https://h.cricapi.com/img/icon512.png'}]","[{'r': 50, 'w': 1, 'o': 4.5, 'inning': 'Trichy Grand Cholas Inning 1'}]",6c3c5876-5cfc-4490-9c8e-8ba90aec4323,False,False,True,True,True
52,2b5a029a-aa13-4d1b-9bbe-cb6446ee7e9b,"Durham vs Gloucestershire, 40th Match, County Championship Division Two 2026",test,Day 1: 1st Session - Durham opt to bowl,"Riverside Ground, Chester-le-Street",2026-08-27,2026-08-27T10:00:00,"['Durham', 'Gloucestershire']","[{'name': 'Durham', 'shortname': 'DURH', 'img': 'https://g.cricapi.com/iapi/1118-637889090599643548.webp?w=48'}, {'name': 'Gloucestershire', 'shortname': 'GLOU', 'img': 'https://g.cricapi.com/iapi/1121-637885550747990018.webp?w=48'}]","[{'r': 89, 'w': 5, 'o': 27, 'inning': 'Gloucestershire Inning 1'}]",dfe730c5-873d-44ce-955c-00d82716749b,False,False,True,True,False
53,80b734be-dda7-4fbf-bd08-f00321aeb492,"Yorkshire vs Leicestershire, 48th Match, County Championship Division One 2026",test,Day 1: 1st Session - Leicestershire opt to bowl,"North Marine Road Ground, Scarborough",2026-08-27,2026-08-27T10:00:00,"['Yorkshire', 'Leicestershire']","[{'name': 'Leicestershire', 'shortname': 'LECS', 'img': 'https://g.cricapi.com/iapi/1126-637889090878436462.webp?w=48'}, {'name': 'Yorkshire', 'shortname': 'YRK', 'img': 'https://g.cricapi.com/iapi/1139-637885552795894277.webp?w=48'}]","[{'r': 75, 'w': 2, 'o': 23.3, 'inning': 'Yorkshire Inning 1'}]",fc9cfc65-4ff6-47c4-baa2-05cc39830e5a,False,False,True,True,False
54,72c97402-850a-40a1-93d7-d0466af31471,"Glamorgan vs Hampshire, 49th Match, County Championship Division One 2026",test,Day 1: 1st Session - Glamorgan opt to bowl,"Sophia Gardens, Cardiff",2026-08-27,2026-08-27T10:00:00,"['Glamorgan', 'Hampshire']","[{'name': 'Glamorgan', 'shortname': 'GLAM', 'img': 'https://g.cricapi.com/iapi/1120-637889090390357869.webp?w=48'}, {'name': 'Hampshire', 'shortname': 'HAM', 'img': 'https://g.cricapi.com/iapi/1122-637885550993657486.webp?w=48'}]","[{'r': 85, 'w': 4, 'o': 22.1, 'inning': 'Hampshire Inning 1'}]",fc9cfc65-4ff6-47c4-baa2-05cc39830e5a,False,False,True,True,False
55,3c647e81-d74e-47a3-90fb-e1d3f451d5f6,"Sussex vs Somerset, 50th Match, County Championship Division One 2026",test,Day 1: 1st Session - Sussex opt to bowl,"County Ground, Hove",2026-08-27,2026-08-27T10:00:00,"['Sussex', 'Somerset']","[{'name': 'Somerset', 'shortname': 'SOM', 'img': 'https://g.cricapi.com/iapi/1131-637885552070524344.webp?w=48'}, {'name': 'Sussex', 'shortname': 'SUSS', 'img': 'https://g.cricapi.com/iapi/1134-637889091814592518.webp?w=48'}]","[{'r': 92, 'w': 4, 'o': 28.2, 'inning': 'Somerset Inning 1'}]",fc9cfc65-4ff6-47c4-baa2-05cc39830e5a,False,False,True,True,False
56,cc1c57c0-7ecf-4556-8465-47bbac896427,"England vs Pakistan, 2nd Test, Pakistan tour of England 2026",test,Day 1: 1st Session - Pakistan opt to bowl,"Lord's, London",2026-08-27,2026-08-27T10:00:00,"['England', 'Pakistan']","[{'name': 'England', 'shortname': 'ENG', 'img': 'https://g.cricapi.com/iapi/23-637877072894080569.webp?w=48'}, {'name': 'Pakistan', 'shortname': 'PAK', 'img': 'https://g.cricapi.com/iapi/66-637877075103236690.webp?w=48'}]","[{'r': 29, 'w': 2, 'o': 8.1, 'inning': 'England Inning 1'}]",4f8f04e8-8c11-402d-9bc3-48c09603d9d8,False,False,True,True,False
57,d7ad6f40-5f17-4a8e-8552-044453e33b43,"Luxembourg Women vs Belgium Women, 4th T20I, Belgium Women tour of Luxembourg, 2026",t20,Luxembourg Women won by 47 runs,"Pierre Werner Cricket Ground, Walferdange",2026-08-23,2026-08-23T13:30:00,"['Luxembourg Women', 'Belgium Women']","[{'name': 'Belgium Women', 'shortname': 'BW', 'img': 'https://h.cricapi.com/img/icon512.png'}, {'name': 'Luxembourg Women', 'shortname': 'LW', 'img': 'https://g.cricapi.com/iapi/623-637869397000752571.webp?w=48'}]","[{'r': 194, 'w': 0, 'o': 20, 'inning': 'Luxembourg Women Inning 1'}, {'r': 147, 'w': 8, 'o': 20, 'inning': 'Belgium Women Inning 1'}]",2959c81f-9df4-41f8-b9d7-f316975d9677,False,False,False,True,True
58,67c75be2-2cbe-4d4a-9b42-a71277bceab6,"Luxembourg Women vs Belgium Women, 3rd T20I, Belgium Women tour of Luxembourg, 2026",t20,Luxembourg Women won by 4 wkts,"Pierre Werner Cricket Ground, Walferdange",2026-08-23,2026-08-23T08:30:00,"['Luxembourg Women', 'Belgium Women']","[{'name': 'Belgium Women', 'shortname': 'BW', 'img': 'https://h.cricapi.com/img/icon512.png'}, {'name': 'Luxembourg Women', 'shortname': 'LW', 'img': 'https://g.cricapi.com/iapi/623-637869397000752571.webp?w=48'}]","[{'r': 121, 'w': 7, 'o': 20, 'inning': 'Belgium Women Inning 1'}, {'r': 122, 'w': 6, 'o': 18.4, 'inning': 'Luxembourg Women Inning 1'}]",2959c81f-9df4-41f8-b9d7-f316975d9677,False,False,False,True,True
59,1fa3bd8a-4bac-4ebb-b022-aba8281467e3,"Tanzania Women vs Uganda Women, 12th Match, Womens T20I Quadrangular Series in Namibia 2026",t20,Tanzania Women awarded the match (opposition refused to play),"Namibia Cricket Ground, Windhoek",2026-07-28,2026-07-28T12:00:00,"['Tanzania Women', 'Uganda Women']","[{'name': 'Tanzania Women', 'shortname': 'TAN-W', 'img': 'https://g.cricapi.com/iapi/3614-638101761273860958.webp?w=48'}, {'name': 'Uganda Women', 'shortname': 'UGAW', 'img': 'https://g.cricapi.com/iapi/1135-637877086844153505.webp?w=48'}]","[{'r': 116, 'w': 2, 'o': 16.4, 'inning': 'Uganda Women Inning 1'}]",3014a459-6e69-4f64-86eb-2f30a2cdbd0b,True,False,False,True,False
60,d13e1f53-6487-4b61-8b28-84c9833b3e42,"Trinbago Knight Riders vs Saint Lucia Kings, 17th Match, Caribbean Premier League 2026",t20,Saint Lucia Kings won by 36 runs,"Brian Lara Stadium, Tarouba, Trinidad",2026-08-26,2026-08-26T23:00:00,"['Trinbago Knight Riders', 'Saint Lucia Kings']","[{'name': 'Saint Lucia Kings', 'shortname': 'SLK', 'img': 'https://g.cricapi.com/iapi/266-637937643184202597.webp?w=48'}, {'name': 'Trinbago Knight Riders', 'shortname': 'TKR', 'img': 'https://g.cricapi.com/iapi/293-637932465560269082.png?w=48'}]","[{'r': 211, 'w': 4, 'o': 20, 'inning': 'Saint Lucia Kings Inning 1'}, {'r': 175, 'w': 6, 'o': 20, 'inning': 'Trinbago Knight Riders Inning 1'}]",929c36f6-9ed6-4cec-a2ad-910a2ee4f701,False,False,True,True,True
61,d9c33252-aad4-46a8-bc6d-ca87211717a5,"Antigua and Barbuda Falcons vs Barbados Tridents, 16th Match, Caribbean Premier League 2026",t20,Antigua and Barbuda Falcons won by 30 runs,"Sir Vivian Richards Stadium, North Sound, Antigua",2026-08-25,2026-08-25T23:00:00,"['Antigua and Barbuda Falcons', 'Barbados Tridents']","[{'name': 'Antigua and Barbuda Falcons', 'shortname': 'ABF', 'img': 'https://h.cricapi.com/img/icon512.png'}, {'name': 'Barbados Tridents', 'img': 'https://h.cricapi.com/img/icon512.png'}]","[{'r': 155, 'w': 5, 'o': 20, 'inning': 'Barbados Tridents Inning 1'}, {'r': 125, 'w': 10, 'o': 18, 'inning': 'Antigua and Barbuda Falcons Inning 1'}]",929c36f6-9ed6-4cec-a2ad-910a2ee4f701,False,False,True,True,True
62,82fc5df7-fe9f-4970-972f-993a0c251c14,"Antigua and Barbuda Falcons vs Guyana Amazon Warriors, 15th Match, Caribbean Premier League 2026",t20,Guyana Amazon Warriors won by 7 wkts,"Sir Vivian Richards Stadium, North Sound, Antigua",2026-08-23,2026-08-23T23:00:00,"['Antigua and Barbuda Falcons', 'Guyana Amazon Warriors']","[{'name': 'Antigua and Barbuda Falcons', 'shortname': 'ABF', 'img': 'https://h.cricapi.com/img/icon512.png'}, {'name': 'Guyana Amazon Warriors', 'shortname': 'GAW', 'img': 'https://g.cricapi.com/iapi/174-637945408285271060.webp?w=48'}]","[{'r': 116, 'w': 10, 'o': 17, 'inning': 'Antigua and Barbuda Falcons Inning 1'}, {'r': 121, 'w': 3, 'o': 9.5, 'inning': 'Guyana Amazon Warriors Inning 1'}]",929c36f6-9ed6-4cec-a2ad-910a2ee4f701,False,False,True,True,True
63,0a2f4fd1-eb88-4e99-a527-71a8a34775a4,"Trichy Grand Cholas vs Vida Kovai Kings, Qualifier 2, Tamil Nadu Premier League 2026",t20,Vida Kovai Kings won by 84 runs,"MA Chidambaram Stadium, Chennai",2026-08-26,2026-08-26T14:00:00,"['Trichy Grand Cholas', 'Vida Kovai Kings']","[{'name': 'Trichy Grand Cholas', 'shortname': 'TGC', 'img': 'https://h.cricapi.com/img/icon512.png'}, {'name': 'Vida Kovai Kings', 'img': 'https://h.cricapi.com/img/icon512.png'}]","[{'r': 183, 'w': 5, 'o': 20, 'inning': 'vida kovai kings Inning 1'}, {'r': 99, 'w': 10, 'o': 15.4, 'inning': 'Trichy Grand Cholas,Vida Kovai Kings Inning 1'}]",6c3c5876-5cfc-4490-9c8e-8ba90aec4323,False,False,True,True,True
64,bb130949-5eaa-46ff-89d5-883839da1e3a,"Vida Kovai Kings vs IDream Tiruppur Tamizhans, Eliminator, Tamil Nadu Premier League 2026",t20,No result due to rain,"MA Chidambaram Stadium, Chennai",2026-08-24,2026-08-24T14:00:00,"['Vida Kovai Kings', 'IDream Tiruppur Tamizhans']","[{'name': 'IDream Tiruppur Tamizhans', 'shortname': 'ITT', 'img': 'https://g.cricapi.com/iapi/181-637945148142038694.webp?w=48'}, {'name': 'Vida Kovai Kings', 'img': 'https://h.cricapi.com/img/icon512.png'}]","[{'r': 15, 'w': 0, 'o': 3, 'inning': 'IDream Tiruppur Tamizhans Inning 1'}]",6c3c5876-5cfc-4490-9c8e-8ba90aec4323,False,False,True,True,True
65,7d79a71a-0bd5-41eb-8920-6eae1081ba7e,"Madurai Panthers vs Trichy Grand Cholas, Qualifier 1, Tamil Nadu Premier League 2026",t20,No result due to rain - Madurai Panthers opt to bowl,"MA Chidambaram Stadium, Chennai",2026-08-23,2026-08-23T14:00:00,"['Madurai Panthers', 'Trichy Grand Cholas']","[{'name': 'Madurai Panthers', 'shortname': 'MP', 'img': 'https://g.cricapi.com/iapi/217-637940203723122310.webp?w=48'}, {'name': 'Trichy Grand Cholas', 'shortname': 'TGC', 'img': 'https://h.cricapi.com/img/icon512.png'}]","[{'r': 50, 'w': 1, 'o': 4.5, 'inning': 'Trichy Grand Cholas Inning 1'}]",6c3c5876-5cfc-4490-9c8e-8ba90aec4323,False,False,True,True,True
66,2b5a029a-aa13-4d1b-9bbe-cb6446ee7e9b,"Durham vs Gloucestershire, 40th Match, County Championship Division Two 2026",test,Day 1: 1st Session - Durham opt to bowl,"Riverside Ground, Chester-le-Street",2026-08-27,2026-08-27T10:00:00,"['Durham', 'Gloucestershire']","[{'name': 'Durham', 'shortname': 'DURH', 'img': 'https://g.cricapi.com/iapi/1118-637889090599643548.webp?w=48'}, {'name': 'Gloucestershire', 'shortname': 'GLOU', 'img': 'https://g.cricapi.com/iapi/1121-637885550747990018.webp?w=48'}]","[{'r': 89, 'w': 5, 'o': 27, 'inning': 'Gloucestershire Inning 1'}]",dfe730c5-873d-44ce-955c-00d82716749b,False,False,True,True,False
67,80b734be-dda7-4fbf-bd08-f00321aeb492,"Yorkshire vs Leicestershire, 48th Match, County Championship Division One 2026",test,Day 1: 1st Session - Leicestershire opt to bowl,"North Marine Road Ground, Scarborough",2026-08-27,2026-08-27T10:00:00,"['Yorkshire', 'Leicestershire']","[{'name': 'Leicestershire', 'shortname': 'LECS', 'img': 'https://g.cricapi.com/iapi/1126-637889090878436462.webp?w=48'}, {'name': 'Yorkshire', 'shortname': 'YRK', 'img': 'https://g.cricapi.com/iapi/1139-637885552795894277.webp?w=48'}]","[{'r': 75, 'w': 2, 'o': 23.3, 'inning': 'Yorkshire Inning 1'}]",fc9cfc65-4ff6-47c4-baa2-05cc39830e5a,False,False,True,True,False
68,72c97402-850a-40a1-93d7-d0466af31471,"Glamorgan vs Hampshire, 49th Match, County Championship Division One 2026",test,Day 1: 1st Session - Glamorgan opt to bowl,"Sophia Gardens, Cardiff",2026-08-27,2026-08-27T10:00:00,"['Glamorgan', 'Hampshire']","[{'name': 'Glamorgan', 'shortname': 'GLAM', 'img': 'https://g.cricapi.com/iapi/1120-637889090390357869.webp?w=48'}, {'name': 'Hampshire', 'shortname': 'HAM', 'img': 'https://g.cricapi.com/iapi/1122-637885550993657486.webp?w=48'}]","[{'r': 85, 'w': 4, 'o': 22.1, 'inning': 'Hampshire Inning 1'}]",fc9cfc65-4ff6-47c4-baa2-05cc39830e5a,False,False,True,True,False
69,3c647e81-d74e-47a3-90fb-e1d3f451d5f6,"Sussex vs Somerset, 50th Match, County Championship Division One 2026",test,Day 1: 1st Session - Sussex opt to bowl,"County Ground, Hove",2026-08-27,2026-08-27T10:00:00,"['Sussex', 'Somerset']","[{'name': 'Somerset', 'shortname': 'SOM', 'img': 'https://g.cricapi.com/iapi/1131-637885552070524344.webp?w=48'}, {'name': 'Sussex', 'shortname': 'SUSS', 'img': 'https://g.cricapi.com/iapi/1134-637889091814592518.webp?w=48'}]","[{'r': 92, 'w': 4, 'o': 28.2, 'inning': 'Somerset Inning 1'}]",fc9cfc65-4ff6-47c4-baa2-05cc39830e5a,False,False,True,True,False
70,cc1c57c0-7ecf-4556-8465-47bbac896427,"England vs Pakistan, 2nd Test, Pakistan tour of England 2026",test,Day 1: 1st Session - Pakistan opt to bowl,"Lord's, London",2026-08-27,2026-08-27T10:00:00,"['England', 'Pakistan']","[{'name': 'England', 'shortname': 'ENG', 'img': 'https://g.cricapi.com/iapi/23-637877072894080569.webp?w=48'}, {'name': 'Pakistan', 'shortname': 'PAK', 'img': 'https://g.cricapi.com/iapi/66-637877075103236690.webp?w=48'}]","[{'r': 29, 'w': 2, 'o': 8.1, 'inning': 'England Inning 1'}]",4f8f04e8-8c11-402d-9bc3-48c09603d9d8,False,False,True,True,False
71,d7ad6f40-5f17-4a8e-8552-044453e33b43,"Luxembourg Women vs Belgium Women, 4th T20I, Belgium Women tour of Luxembourg, 2026",t20,Luxembourg Women won by 47 runs,"Pierre Werner Cricket Ground, Walferdange",2026-08-23,2026-08-23T13:30:00,"['Luxembourg Women', 'Belgium Women']","[{'name': 'Belgium Women', 'shortname': 'BW', 'img': 'https://h.cricapi.com/img/icon512.png'}, {'name': 'Luxembourg Women', 'shortname': 'LW', 'img': 'https://g.cricapi.com/iapi/623-637869397000752571.webp?w=48'}]","[{'r': 194, 'w': 0, 'o': 20, 'inning': 'Luxembourg Women Inning 1'}, {'r': 147, 'w': 8, 'o': 20, 'inning': 'Belgium Women Inning 1'}]",2959c81f-9df4-41f8-b9d7-f316975d9677,False,False,False,True,True
72,67c75be2-2cbe-4d4a-9b42-a71277bceab6,"Luxembourg Women vs Belgium Women, 3rd T20I, Belgium Women tour of Luxembourg, 2026",t20,Luxembourg Women won by 4 wkts,"Pierre Werner Cricket Ground, Walferdange",2026-08-23,2026-08-23T08:30:00,"['Luxembourg Women', 'Belgium Women']","[{'name': 'Belgium Women', 'shortname': 'BW', 'img': 'https://h.cricapi.com/img/icon512.png'}, {'name': 'Luxembourg Women', 'shortname': 'LW', 'img': 'https://g.cricapi.com/iapi/623-637869397000752571.webp?w=48'}]","[{'r': 121, 'w': 7, 'o': 20, 'inning': 'Belgium Women Inning 1'}, {'r': 122, 'w': 6, 'o': 18.4, 'inning': 'Luxembourg Women Inning 1'}]",2959c81f-9df4-41f8-b9d7-f316975d9677,False,False,False,True,True
73,1fa3bd8a-4bac-4ebb-b022-aba8281467e3,"Tanzania Women vs Uganda Women, 12th Match, Womens T20I Quadrangular Series in Namibia 2026",t20,Tanzania Women awarded the match (opposition refused to play),"Namibia Cricket Ground, Windhoek",2026-07-28,2026-07-28T12:00:00,"['Tanzania Women', 'Uganda Women']","[{'name': 'Tanzania Women', 'shortname': 'TAN-W', 'img': 'https://g.cricapi.com/iapi/3614-638101761273860958.webp?w=48'}, {'name': 'Uganda Women', 'shortname': 'UGAW', 'img': 'https://g.cricapi.com/iapi/1135-637877086844153505.webp?w=48'}]","[{'r': 116, 'w': 2, 'o': 16.4, 'inning': 'Uganda Women Inning 1'}]",3014a459-6e69-4f64-86eb-2f30a2cdbd0b,True,False,False,True,False
74,d13e1f53-6487-4b61-8b28-84c9833b3e42,"Trinbago Knight Riders vs Saint Lucia Kings, 17th Match, Caribbean Premier League 2026",t20,Saint Lucia Kings won by 36 runs,"Brian Lara Stadium, Tarouba, Trinidad",2026-08-26,2026-08-26T23:00:00,"['Trinbago Knight Riders', 'Saint Lucia Kings']","[{'name': 'Saint Lucia Kings', 'shortname': 'SLK', 'img': 'https://g.cricapi.com/iapi/266-637937643184202597.webp?w=48'}, {'name': 'Trinbago Knight Riders', 'shortname': 'TKR', 'img': 'https://g.cricapi.com/iapi/293-637932465560269082.png?w=48'}]","[{'r': 211, 'w': 4, 'o': 20, 'inning': 'Saint Lucia Kings Inning 1'}, {'r': 175, 'w': 6, 'o': 20, 'inning': 'Trinbago Knight Riders Inning 1'}]",929c36f6-9ed6-4cec-a2ad-910a2ee4f701,False,False,True,True,True
75,d9c33252-aad4-46a8-bc6d-ca87211717a5,"Antigua and Barbuda Falcons vs Barbados Tridents, 16th Match, Caribbean Premier League 2026",t20,Antigua and Barbuda Falcons won by 30 runs,"Sir Vivian Richards Stadium, North Sound, Antigua",2026-08-25,2026-08-25T23:00:00,"['Antigua and Barbuda Falcons', 'Barbados Tridents']","[{'name': 'Antigua and Barbuda Falcons', 'shortname': 'ABF', 'img': 'https://h.cricapi.com/img/icon512.png'}, {'name': 'Barbados Tridents', 'img': 'https://h.cricapi.com/img/icon512.png'}]","[{'r': 155, 'w': 5, 'o': 20, 'inning': 'Barbados Tridents Inning 1'}, {'r': 125, 'w': 10, 'o': 18, 'inning': 'Antigua and Barbuda Falcons Inning 1'}]",929c36f6-9ed6-4cec-a2ad-910a2ee4f701,False,False,True,True,True
76,82fc5df7-fe9f-4970-972f-993a0c251c14,"Antigua and Barbuda Falcons vs Guyana Amazon Warriors, 15th Match, Caribbean Premier League 2026",t20,Guyana Amazon Warriors won by 7 wkts,"Sir Vivian Richards Stadium, North Sound, Antigua",2026-08-23,2026-08-23T23:00:00,"['Antigua and Barbuda Falcons', 'Guyana Amazon Warriors']","[{'name': 'Antigua and Barbuda Falcons', 'shortname': 'ABF', 'img': 'https://h.cricapi.com/img/icon512.png'}, {'name': 'Guyana Amazon Warriors', 'shortname': 'GAW', 'img': 'https://g.cricapi.com/iapi/174-637945408285271060.webp?w=48'}]","[{'r': 116, 'w': 10, 'o': 17, 'inning': 'Antigua and Barbuda Falcons Inning 1'}, {'r': 121, 'w': 3, 'o': 9.5, 'inning': 'Guyana Amazon Warriors Inning 1'}]",929c36f6-9ed6-4cec-a2ad-910a2ee4f701,False,False,True,True,True
77,0a2f4fd1-eb88-4e99-a527-71a8a34775a4,"Trichy Grand Cholas vs Vida Kovai Kings, Qualifier 2, Tamil Nadu Premier League 2026",t20,Vida Kovai Kings won by 84 runs,"MA Chidambaram Stadium, Chennai",2026-08-26,2026-08-26T14:00:00,"['Trichy Grand Cholas', 'Vida Kovai Kings']","[{'name': 'Trichy Grand Cholas', 'shortname': 'TGC', 'img': 'https://h.cricapi.com/img/icon512.png'}, {'name': 'Vida Kovai Kings', 'img': 'https://h.cricapi.com/img/icon512.png'}]","[{'r': 183, 'w': 5, 'o': 20, 'inning': 'vida kovai kings Inning 1'}, {'r': 99, 'w': 10, 'o': 15.4, 'inning': 'Trichy Grand Cholas,Vida Kovai Kings Inning 1'}]",6c3c5876-5cfc-4490-9c8e-8ba90aec4323,False,False,True,True,True
78,bb130949-5eaa-46ff-89d5-883839da1e3a,"Vida Kovai Kings vs IDream Tiruppur Tamizhans, Eliminator, Tamil Nadu Premier League 2026",t20,No result due to rain,"MA Chidambaram Stadium, Chennai",2026-08-24,2026-08-24T14:00:00,"['Vida Kovai Kings', 'IDream Tiruppur Tamizhans']","[{'name': 'IDream Tiruppur Tamizhans', 'shortname': 'ITT', 'img': 'https://g.cricapi.com/iapi/181-637945148142038694.webp?w=48'}, {'name': 'Vida Kovai Kings', 'img': 'https://h.cricapi.com/img/icon512.png'}]","[{'r': 15, 'w': 0, 'o': 3, 'inning': 'IDream Tiruppur Tamizhans Inning 1'}]",6c3c5876-5cfc-4490-9c8e-8ba90aec4323,False,False,True,True,True
79,7d79a71a-0bd5-41eb-8920-6eae1081ba7e,"Madurai Panthers vs Trichy Grand Cholas, Qualifier 1, Tamil Nadu Premier League 2026",t20,No result due to rain - Madurai Panthers opt to bowl,"MA Chidambaram Stadium, Chennai",2026-08-23,2026-08-23T14:00:00,"['Madurai Panthers', 'Trichy Grand Cholas']","[{'name': 'Madurai Panthers', 'shortname': 'MP', 'img': 'https://g.cricapi.com/iapi/217-637940203723122310.webp?w=48'}, {'name': 'Trichy Grand Cholas', 'shortname': 'TGC', 'img': 'https://h.cricapi.com/img/icon512.png'}]","[{'r': 50, 'w': 1, 'o': 4.5, 'inning': 'Trichy Grand Cholas Inning 1'}]",6c3c5876-5cfc-4490-9c8e-8ba90aec4323,False,False,True,True,True
80,2b5a029a-aa13-4d1b-9bbe-cb6446ee7e9b,"Durham vs Gloucestershire, 40th Match, County Championship Division Two 2026",test,Day 1: 1st Session - Durham opt to bowl,"Riverside Ground, Chester-le-Street",2026-08-27,2026-08-27T10:00:00,"['Durham', 'Gloucestershire']","[{'name': 'Durham', 'shortname': 'DURH', 'img': 'https://g.cricapi.com/iapi/1118-637889090599643548.webp?w=48'}, {'name': 'Gloucestershire', 'shortname': 'GLOU', 'img': 'https://g.cricapi.com/iapi/1121-637885550747990018.webp?w=48'}]","[{'r': 89, 'w': 5, 'o': 27, 'inning': 'Gloucestershire Inning 1'}]",dfe730c5-873d-44ce-955c-00d82716749b,False,False,True,True,False
81,80b734be-dda7-4fbf-bd08-f00321aeb492,"Yorkshire vs Leicestershire, 48th Match, County Championship Division One 2026",test,Day 1: 1st Session - Leicestershire opt to bowl,"North Marine Road Ground, Scarborough",2026-08-27,2026-08-27T10:00:00,"['Yorkshire', 'Leicestershire']","[{'name': 'Leicestershire', 'shortname': 'LECS', 'img': 'https://g.cricapi.com/iapi/1126-637889090878436462.webp?w=48'}, {'name': 'Yorkshire', 'shortname': 'YRK', 'img': 'https://g.cricapi.com/iapi/1139-637885552795894277.webp?w=48'}]","[{'r': 75, 'w': 2, 'o': 23.3, 'inning': 'Yorkshire Inning 1'}]",fc9cfc65-4ff6-47c4-baa2-05cc39830e5a,False,False,True,True,False
82,72c97402-850a-40a1-93d7-d0466af31471,"Glamorgan vs Hampshire, 49th Match, County Championship Division One 2026",test,Day 1: 1st Session - Glamorgan opt to bowl,"Sophia Gardens, Cardiff",2026-08-27,2026-08-27T10:00:00,"['Glamorgan', 'Hampshire']","[{'name': 'Glamorgan', 'shortname': 'GLAM', 'img': 'https://g.cricapi.com/iapi/1120-637889090390357869.webp?w=48'}, {'name': 'Hampshire', 'shortname': 'HAM', 'img': 'https://g.cricapi.com/iapi/1122-637885550993657486.webp?w=48'}]","[{'r': 85, 'w': 4, 'o': 22.1, 'inning': 'Hampshire Inning 1'}]",fc9cfc65-4ff6-47c4-baa2-05cc39830e5a,False,False,True,True,False
83,3c647e81-d74e-47a3-90fb-e1d3f451d5f6,"Sussex vs Somerset, 50th Match, County Championship Division One 2026",test,Day 1: 1st Session - Sussex opt to bowl,"County Ground, Hove",2026-08-27,2026-08-27T10:00:00,"['Sussex', 'Somerset']","[{'name': 'Somerset', 'shortname': 'SOM', 'img': 'https://g.cricapi.com/iapi/1131-637885552070524344.webp?w=48'}, {'name': 'Sussex', 'shortname': 'SUSS', 'img': 'https://g.cricapi.com/iapi/1134-637889091814592518.webp?w=48'}]","[{'r': 92, 'w': 4, 'o': 28.2, 'inning': 'Somerset Inning 1'}]",fc9cfc65-4ff6-47c4-baa2-05cc39830e5a,False,False,True,True,False
84,cc1c57c0-7ecf-4556-8465-47bbac896427,"England vs Pakistan, 2nd Test, Pakistan tour of England 2026",test,Day 1: 1st Session - Pakistan opt to bowl,"Lord's, London",2026-08-27,2026-08-27T10:00:00,"['England', 'Pakistan']","[{'name': 'England', 'shortname': 'ENG', 'img': 'https://g.cricapi.com/iapi/23-637877072894080569.webp?w=48'}, {'name': 'Pakistan', 'shortname': 'PAK', 'img': 'https://g.cricapi.com/iapi/66-637877075103236690.webp?w=48'}]","[{'r': 29, 'w': 2, 'o': 8.1, 'inning': 'England Inning 1'}]",4f8f04e8-8c11-402d-9bc3-48c09603d9d8,False,False,True,True,False
85,d7ad6f40-5f17-4a8e-8552-044453e33b43,"Luxembourg Women vs Belgium Women, 4th T20I, Belgium Women tour of Luxembourg, 2026",t20,Luxembourg Women won by 47 runs,"Pierre Werner Cricket Ground, Walferdange",2026-08-23,2026-08-23T13:30:00,"['Luxembourg Women', 'Belgium Women']","[{'name': 'Belgium Women', 'shortname': 'BW', 'img': 'https://h.cricapi.com/img/icon512.png'}, {'name': 'Luxembourg Women', 'shortname': 'LW', 'img': 'https://g.cricapi.com/iapi/623-637869397000752571.webp?w=48'}]","[{'r': 194, 'w': 0, 'o': 20, 'inning': 'Luxembourg Women Inning 1'}, {'r': 147, 'w': 8, 'o': 20, 'inning': 'Belgium Women Inning 1'}]",2959c81f-9df4-41f8-b9d7-f316975d9677,False,False,False,True,True
86,67c75be2-2cbe-4d4a-9b42-a71277bceab6,"Luxembourg Women vs Belgium Women, 3rd T20I, Belgium Women tour of Luxembourg, 2026",t20,Luxembourg Women won by 4 wkts,"Pierre Werner Cricket Ground, Walferdange",2026-08-23,2026-08-23T08:30:00,"['Luxembourg Women', 'Belgium Women']","[{'name': 'Belgium Women', 'shortname': 'BW', 'img': 'https://h.cricapi.com/img/icon512.png'}, {'name': 'Luxembourg Women', 'shortname': 'LW', 'img': 'https://g.cricapi.com/iapi/623-637869397000752571.webp?w=48'}]","[{'r': 121, 'w': 7, 'o': 20, 'inning': 'Belgium Women Inning 1'}, {'r': 122, 'w': 6, 'o': 18.4, 'inning': 'Luxembourg Women Inning 1'}]",2959c81f-9df4-41f8-b9d7-f316975d9677,False,False,False,True,True
87,1fa3bd8a-4bac-4ebb-b022-aba8281467e3,"Tanzania Women vs Uganda Women, 12th Match, Womens T20I Quadrangular Series in Namibia 2026",t20,Tanzania Women awarded the match (opposition refused to play),"Namibia Cricket Ground, Windhoek",2026-07-28,2026-07-28T12:00:00,"['Tanzania Women', 'Uganda Women']","[{'name': 'Tanzania Women', 'shortname': 'TAN-W', 'img': 'https://g.cricapi.com/iapi/3614-638101761273860958.webp?w=48'}, {'name': 'Uganda Women', 'shortname': 'UGAW', 'img': 'https://g.cricapi.com/iapi/1135-637877086844153505.webp?w=48'}]","[{'r': 116, 'w': 2, 'o': 16.4, 'inning': 'Uganda Women Inning 1'}]",3014a459-6e69-4f64-86eb-2f30a2cdbd0b,True,False,False,True,False
88,d13e1f53-6487-4b61-8b28-84c9833b3e42,"Trinbago Knight Riders vs Saint Lucia Kings, 17th Match, Caribbean Premier League 2026",t20,Saint Lucia Kings won by 36 runs,"Brian Lara Stadium, Tarouba, Trinidad",2026-08-26,2026-08-26T23:00:00,"['Trinbago Knight Riders', 'Saint Lucia Kings']","[{'name': 'Saint Lucia Kings', 'shortname': 'SLK', 'img': 'https://g.cricapi.com/iapi/266-637937643184202597.webp?w=48'}, {'name': 'Trinbago Knight Riders', 'shortname': 'TKR', 'img': 'https://g.cricapi.com/iapi/293-637932465560269082.png?w=48'}]","[{'r': 211, 'w': 4, 'o': 20, 'inning': 'Saint Lucia Kings Inning 1'}, {'r': 175, 'w': 6, 'o': 20, 'inning': 'Trinbago Knight Riders Inning 1'}]",929c36f6-9ed6-4cec-a2ad-910a2ee4f701,False,False,True,True,True
89,d9c33252-aad4-46a8-bc6d-ca87211717a5,"Antigua and Barbuda Falcons vs Barbados Tridents, 16th Match, Caribbean Premier League 2026",t20,Antigua and Barbuda Falcons won by 30 runs,"Sir Vivian Richards Stadium, North Sound, Antigua",2026-08-25,2026-08-25T23:00:00,"['Antigua and Barbuda Falcons', 'Barbados Tridents']","[{'name': 'Antigua and Barbuda Falcons', 'shortname': 'ABF', 'img': 'https://h.cricapi.com/img/icon512.png'}, {'name': 'Barbados Tridents', 'img': 'https://h.cricapi.com/img/icon512.png'}]","[{'r': 155, 'w': 5, 'o': 20, 'inning': 'Barbados Tridents Inning 1'}, {'r': 125, 'w': 10, 'o': 18, 'inning': 'Antigua and Barbuda Falcons Inning 1'}]",929c36f6-9ed6-4cec-a2ad-910a2ee4f701,False,False,True,True,True
90,82fc5df7-fe9f-4970-972f-993a0c251c14,"Antigua and Barbuda Falcons vs Guyana Amazon Warriors, 15th Match, Caribbean Premier League 2026",t20,Guyana Amazon Warriors won by 7 wkts,"Sir Vivian Richards Stadium, North Sound, Antigua",2026-08-23,2026-08-23T23:00:00,"['Antigua and Barbuda Falcons', 'Guyana Amazon Warriors']","[{'name': 'Antigua and Barbuda Falcons', 'shortname': 'ABF', 'img': 'https://h.cricapi.com/img/icon512.png'}, {'name': 'Guyana Amazon Warriors', 'shortname': 'GAW', 'img': 'https://g.cricapi.com/iapi/174-637945408285271060.webp?w=48'}]","[{'r': 116, 'w': 10, 'o': 17, 'inning': 'Antigua and Barbuda Falcons Inning 1'}, {'r': 121, 'w': 3, 'o': 9.5, 'inning': 'Guyana Amazon Warriors Inning 1'}]",929c36f6-9ed6-4cec-a2ad-910a2ee4f701,False,False,True,True,True
91,0a2f4fd1-eb88-4e99-a527-71a8a34775a4,"Trichy Grand Cholas vs Vida Kovai Kings, Qualifier 2, Tamil Nadu Premier League 2026",t20,Vida Kovai Kings won by 84 runs,"MA Chidambaram Stadium, Chennai",2026-08-26,2026-08-26T14:00:00,"['Trichy Grand Cholas', 'Vida Kovai Kings']","[{'name': 'Trichy Grand Cholas', 'shortname': 'TGC', 'img': 'https://h.cricapi.com/img/icon512.png'}, {'name': 'Vida Kovai Kings', 'img': 'https://h.cricapi.com/img/icon512.png'}]","[{'r': 183, 'w': 5, 'o': 20, 'inning': 'vida kovai kings Inning 1'}, {'r': 99, 'w': 10, 'o': 15.4, 'inning': 'Trichy Grand Cholas,Vida Kovai Kings Inning 1'}]",6c3c5876-5cfc-4490-9c8e-8ba90aec4323,False,False,True,True,True
92,bb130949-5eaa-46ff-89d5-883839da1e3a,"Vida Kovai Kings vs IDream Tiruppur Tamizhans, Eliminator, Tamil Nadu Premier League 2026",t20,No result due to rain,"MA Chidambaram Stadium, Chennai",2026-08-24,2026-08-24T14:00:00,"['Vida Kovai Kings', 'IDream Tiruppur Tamizhans']","[{'name': 'IDream Tiruppur Tamizhans', 'shortname': 'ITT', 'img': 'https://g.cricapi.com/iapi/181-637945148142038694.webp?w=48'}, {'name': 'Vida Kovai Kings', 'img': 'https://h.cricapi.com/img/icon512.png'}]","[{'r': 15, 'w': 0, 'o': 3, 'inning': 'IDream Tiruppur Tamizhans Inning 1'}]",6c3c5876-5cfc-4490-9c8e-8ba90aec4323,False,False,True,True,True
93,7d79a71a-0bd5-41eb-8920-6eae1081ba7e,"Madurai Panthers vs Trichy Grand Cholas, Qualifier 1, Tamil Nadu Premier League 2026",t20,No result due to rain - Madurai Panthers opt to bowl,"MA Chidambaram Stadium, Chennai",2026-08-23,2026-08-23T14:00:00,"['Madurai Panthers', 'Trichy Grand Cholas']","[{'name': 'Madurai Panthers', 'shortname': 'MP', 'img': 'https://g.cricapi.com/iapi/217-637940203723122310.webp?w=48'}, {'name': 'Trichy Grand Cholas', 'shortname': 'TGC', 'img': 'https://h.cricapi.com/img/icon512.png'}]","[{'r': 50, 'w': 1, 'o': 4.5, 'inning': 'Trichy Grand Cholas Inning 1'}]",6c3c5876-5cfc-4490-9c8e-8ba90aec4323,False,False,True,True,True
94,2b5a029a-aa13-4d1b-9bbe-cb6446ee7e9b,"Durham vs Gloucestershire, 40th Match, County Championship Division Two 2026",test,Day 1: 1st Session - Durham opt to bowl,"Riverside Ground, Chester-le-Street",2026-08-27,2026-08-27T10:00:00,"['Durham', 'Gloucestershire']","[{'name': 'Durham', 'shortname': 'DURH', 'img': 'https://g.cricapi.com/iapi/1118-637889090599643548.webp?w=48'}, {'name': 'Gloucestershire', 'shortname': 'GLOU', 'img': 'https://g.cricapi.com/iapi/1121-637885550747990018.webp?w=48'}]","[{'r': 89, 'w': 5, 'o': 27, 'inning': 'Gloucestershire Inning 1'}]",dfe730c5-873d-44ce-955c-00d82716749b,False,False,True,True,False
95,80b734be-dda7-4fbf-bd08-f00321aeb492,"Yorkshire vs Leicestershire, 48th Match, County Championship Division One 2026",test,Day 1: 1st Session - Leicestershire opt to bowl,"North Marine Road Ground, Scarborough",2026-08-27,2026-08-27T10:00:00,"['Yorkshire', 'Leicestershire']","[{'name': 'Leicestershire', 'shortname': 'LECS', 'img': 'https://g.cricapi.com/iapi/1126-637889090878436462.webp?w=48'}, {'name': 'Yorkshire', 'shortname': 'YRK', 'img': 'https://g.cricapi.com/iapi/1139-637885552795894277.webp?w=48'}]","[{'r': 75, 'w': 2, 'o': 23.3, 'inning': 'Yorkshire Inning 1'}]",fc9cfc65-4ff6-47c4-baa2-05cc39830e5a,False,False,True,True,False
96,72c97402-850a-40a1-93d7-d0466af31471,"Glamorgan vs Hampshire, 49th Match, County Championship Division One 2026",test,Day 1: 1st Session - Glamorgan opt to bowl,"Sophia Gardens, Cardiff",2026-08-27,2026-08-27T10:00:00,"['Glamorgan', 'Hampshire']","[{'name': 'Glamorgan', 'shortname': 'GLAM', 'img': 'https://g.cricapi.com/iapi/1120-637889090390357869.webp?w=48'}, {'name': 'Hampshire', 'shortname': 'HAM', 'img': 'https://g.cricapi.com/iapi/1122-637885550993657486.webp?w=48'}]","[{'r': 85, 'w': 4, 'o': 22.1, 'inning': 'Hampshire Inning 1'}]",fc9cfc65-4ff6-47c4-baa2-05cc39830e5a,False,False,True,True,False
97,3c647e81-d74e-47a3-90fb-e1d3f451d5f6,"Sussex vs Somerset, 50th Match, County Championship Division One 2026",test,Day 1: 1st Session - Sussex opt to bowl,"County Ground, Hove",2026-08-27,2026-08-27T10:00:00,"['Sussex', 'Somerset']","[{'name': 'Somerset', 'shortname': 'SOM', 'img': 'https://g.cricapi.com/iapi/1131-637885552070524344.webp?w=48'}, {'name': 'Sussex', 'shortname': 'SUSS', 'img': 'https://g.cricapi.com/iapi/1134-637889091814592518.webp?w=48'}]","[{'r': 92, 'w': 4, 'o': 28.2, 'inning': 'Somerset Inning 1'}]",fc9cfc65-4ff6-47c4-baa2-05cc39830e5a,False,False,True,True,False
98,cc1c57c0-7ecf-4556-8465-47bbac896427,"England vs Pakistan, 2nd Test, Pakistan tour of England 2026",test,Day 1: 1st Session - Pakistan opt to bowl,"Lord's, London",2026-08-27,2026-08-27T10:00:00,"['England', 'Pakistan']","[{'name': 'England', 'shortname': 'ENG', 'img': 'https://g.cricapi.com/iapi/23-637877072894080569.webp?w=48'}, {'name': 'Pakistan', 'shortname': 'PAK', 'img': 'https://g.cricapi.com/iapi/66-637877075103236690.webp?w=48'}]","[{'r': 29, 'w': 2, 'o': 8.1, 'inning': 'England Inning 1'}]",4f8f04e8-8c11-402d-9bc3-48c09603d9d8,False,False,True,True,False
99,d7ad6f40-5f17-4a8e-8552-044453e33b43,"Luxembourg Women vs Belgium Women, 4th T20I, Belgium Women tour of Luxembourg, 2026",t20,Luxembourg Women won by 47 runs,"Pierre Werner Cricket Ground, Walferdange",2026-08-23,2026-08-23T13:30:00,"['Luxembourg Women', 'Belgium Women']","[{'name': 'Belgium Women', 'shortname': 'BW', 'img': 'https://h.cricapi.com/img/icon512.png'}, {'name': 'Luxembourg Women', 'shortname': 'LW', 'img': 'https://g.cricapi.com/iapi/623-637869397000752571.webp?w=48'}]","[{'r': 194, 'w': 0, 'o': 20, 'inning': 'Luxembourg Women Inning 1'}, {'r': 147, 'w': 8, 'o': 20, 'inning': 'Belgium Women Inning 1'}]",2959c81f-9df4-41f8-b9d7-f316975d9677,False,False,False,True,True
100,67c75be2-2cbe-4d4a-9b42-a71277bceab6,"Luxembourg Women vs Belgium Women, 3rd T20I, Belgium Women tour of Luxembourg, 2026",t20,Luxembourg Women won by 4 wkts,"Pierre Werner Cricket Ground, Walferdange",2026-08-23,2026-08-23T08:30:00,"['Luxembourg Women', 'Belgium Women']","[{'name': 'Belgium Women', 'shortname': 'BW', 'img': 'https://h.cricapi.com/img/icon512.png'}, {'name': 'Luxembourg Women', 'shortname': 'LW', 'img': 'https://g.cricapi.com/iapi/623-637869397000752571.webp?w=48'}]","[{'r': 121, 'w': 7, 'o': 20, 'inning': 'Belgium Women Inning 1'}, {'r': 122, 'w': 6, 'o': 18.4, 'inning': 'Luxembourg Women Inning 1'}]",2959c81f-9df4-41f8-b9d7-f316975d9677,False,False,False,True,True
101,1fa3bd8a-4bac-4ebb-b022-aba8281467e3,"Tanzania Women vs Uganda Women, 12th Match, Womens T20I Quadrangular Series in Namibia 2026",t20,Tanzania Women awarded the match (opposition refused to play),"Namibia Cricket Ground, Windhoek",2026-07-28,2026-07-28T12:00:00,"['Tanzania Women', 'Uganda Women']","[{'name': 'Tanzania Women', 'shortname': 'TAN-W', 'img': 'https://g.cricapi.com/iapi/3614-638101761273860958.webp?w=48'}, {'name': 'Uganda Women', 'shortname': 'UGAW', 'img': 'https://g.cricapi.com/iapi/1135-637877086844153505.webp?w=48'}]","[{'r': 116, 'w': 2, 'o': 16.4, 'inning': 'Uganda Women Inning 1'}]",3014a459-6e69-4f64-86eb-2f30a2cdbd0b,True,False,False,True,False
102,d13e1f53-6487-4b61-8b28-84c9833b3e42,"Trinbago Knight Riders vs Saint Lucia Kings, 17th Match, Caribbean Premier League 2026",t20,Saint Lucia Kings won by 36 runs,"Brian Lara Stadium, Tarouba, Trinidad",2026-08-26,2026-08-26T23:00:00,"['Trinbago Knight Riders', 'Saint Lucia Kings']","[{'name': 'Saint Lucia Kings', 'shortname': 'SLK', 'img': 'https://g.cricapi.com/iapi/266-637937643184202597.webp?w=48'}, {'name': 'Trinbago Knight Riders', 'shortname': 'TKR', 'img': 'https://g.cricapi.com/iapi/293-637932465560269082.png?w=48'}]","[{'r': 211, 'w': 4, 'o': 20, 'inning': 'Saint Lucia Kings Inning 1'}, {'r': 175, 'w': 6, 'o': 20, 'inning': 'Trinbago Knight Riders Inning 1'}]",929c36f6-9ed6-4cec-a2ad-910a2ee4f701,False,False,True,True,True
103,d9c33252-aad4-46a8-bc6d-ca87211717a5,"Antigua and Barbuda Falcons vs Barbados Tridents, 16th Match, Caribbean Premier League 2026",t20,Antigua and Barbuda Falcons won by 30 runs,"Sir Vivian Richards Stadium, North Sound, Antigua",2026-08-25,2026-08-25T23:00:00,"['Antigua and Barbuda Falcons', 'Barbados Tridents']","[{'name': 'Antigua and Barbuda Falcons', 'shortname': 'ABF', 'img': 'https://h.cricapi.com/img/icon512.png'}, {'name': 'Barbados Tridents', 'img': 'https://h.cricapi.com/img/icon512.png'}]","[{'r': 155, 'w': 5, 'o': 20, 'inning': 'Barbados Tridents Inning 1'}, {'r': 125, 'w': 10, 'o': 18, 'inning': 'Antigua and Barbuda Falcons Inning 1'}]",929c36f6-9ed6-4cec-a2ad-910a2ee4f701,False,False,True,True,True
104,82fc5df7-fe9f-4970-972f-993a0c251c14,"Antigua and Barbuda Falcons vs Guyana Amazon Warriors, 15th Match, Caribbean Premier League 2026",t20,Guyana Amazon Warriors won by 7 wkts,"Sir Vivian Richards Stadium, North Sound, Antigua",2026-08-23,2026-08-23T23:00:00,"['Antigua and Barbuda Falcons', 'Guyana Amazon Warriors']","[{'name': 'Antigua and Barbuda Falcons', 'shortname': 'ABF', 'img': 'https://h.cricapi.com/img/icon512.png'}, {'name': 'Guyana Amazon Warriors', 'shortname': 'GAW', 'img': 'https://g.cricapi.com/iapi/174-637945408285271060.webp?w=48'}]","[{'r': 116, 'w': 10, 'o': 17, 'inning': 'Antigua and Barbuda Falcons Inning 1'}, {'r': 121, 'w': 3, 'o': 9.5, 'inning': 'Guyana Amazon Warriors Inning 1'}]",929c36f6-9ed6-4cec-a2ad-910a2ee4f701,False,False,True,True,True
105,0a2f4fd1-eb88-4e99-a527-71a8a34775a4,"Trichy Grand Cholas vs Vida Kovai Kings, Qualifier 2, Tamil Nadu Premier League 2026",t20,Vida Kovai Kings won by 84 runs,"MA Chidambaram Stadium, Chennai",2026-08-26,2026-08-26T14:00:00,"['Trichy Grand Cholas', 'Vida Kovai Kings']","[{'name': 'Trichy Grand Cholas', 'shortname': 'TGC', 'img': 'https://h.cricapi.com/img/icon512.png'}, {'name': 'Vida Kovai Kings', 'img': 'https://h.cricapi.com/img/icon512.png'}]","[{'r': 183, 'w': 5, 'o': 20, 'inning': 'vida kovai kings Inning 1'}, {'r': 99, 'w': 10, 'o': 15.4, 'inning': 'Trichy Grand Cholas,Vida Kovai Kings Inning 1'}]",6c3c5876-5cfc-4490-9c8e-8ba90aec4323,False,False,True,True,True
106,bb130949-5eaa-46ff-89d5-883839da1e3a,"Vida Kovai Kings vs IDream Tiruppur Tamizhans, Eliminator, Tamil Nadu Premier League 2026",t20,No result due to rain,"MA Chidambaram Stadium, Chennai",2026-08-24,2026-08-24T14:00:00,"['Vida Kovai Kings', 'IDream Tiruppur Tamizhans']","[{'name': 'IDream Tiruppur Tamizhans', 'shortname': 'ITT', 'img': 'https://g.cricapi.com/iapi/181-637945148142038694.webp?w=48'}, {'name': 'Vida Kovai Kings', 'img': 'https://h.cricapi.com/img/icon512.png'}]","[{'r': 15, 'w': 0, 'o': 3, 'inning': 'IDream Tiruppur Tamizhans Inning 1'}]",6c3c5876-5cfc-4490-9c8e-8ba90aec4323,False,False,True,True,True
107,7d79a71a-0bd5-41eb-8920-6eae1081ba7e,"Madurai Panthers vs Trichy Grand Cholas, Qualifier 1, Tamil Nadu Premier League 2026",t20,No result due to rain - Madurai Panthers opt to bowl,"MA Chidambaram Stadium, Chennai",2026-08-23,2026-08-23T14:00:00,"['Madurai Panthers', 'Trichy Grand Cholas']","[{'name': 'Madurai Panthers', 'shortname': 'MP', 'img': 'https://g.cricapi.com/iapi/217-637940203723122310.webp?w=48'}, {'name': 'Trichy Grand Cholas', 'shortname': 'TGC', 'img': 'https://h.cricapi.com/img/icon512.png'}]","[{'r': 50, 'w': 1, 'o': 4.5, 'inning': 'Trichy Grand Cholas Inning 1'}]",6c3c5876-5cfc-4490-9c8e-8ba90aec4323,False,False,True,True,True
108,2b5a029a-aa13-4d1b-9bbe-cb6446ee7e9b,"Durham vs Gloucestershire, 40th Match, County Championship Division Two 2026",test,Day 1: 1st Session - Durham opt to bowl,"Riverside Ground, Chester-le-Street",2026-08-27,2026-08-27T10:00:00,"['Durham', 'Gloucestershire']","[{'name': 'Durham', 'shortname': 'DURH', 'img': 'https://g.cricapi.com/iapi/1118-637889090599643548.webp?w=48'}, {'name': 'Gloucestershire', 'shortname': 'GLOU', 'img': 'https://g.cricapi.com/iapi/1121-637885550747990018.webp?w=48'}]","[{'r': 89, 'w': 5, 'o': 27, 'inning': 'Gloucestershire Inning 1'}]",dfe730c5-873d-44ce-955c-00d82716749b,False,False,True,True,False
109,80b734be-dda7-4fbf-bd08-f00321aeb492,"Yorkshire vs Leicestershire, 48th Match, County Championship Division One 2026",test,Day 1: 1st Session - Leicestershire opt to bowl,"North Marine Road Ground, Scarborough",2026-08-27,2026-08-27T10:00:00,"['Yorkshire', 'Leicestershire']","[{'name': 'Leicestershire', 'shortname': 'LECS', 'img': 'https://g.cricapi.com/iapi/1126-637889090878436462.webp?w=48'}, {'name': 'Yorkshire', 'shortname': 'YRK', 'img': 'https://g.cricapi.com/iapi/1139-637885552795894277.webp?w=48'}]","[{'r': 75, 'w': 2, 'o': 23.3, 'inning': 'Yorkshire Inning 1'}]",fc9cfc65-4ff6-47c4-baa2-05cc39830e5a,False,False,True,True,False
110,72c97402-850a-40a1-93d7-d0466af31471,"Glamorgan vs Hampshire, 49th Match, County Championship Division One 2026",test,Day 1: 1st Session - Glamorgan opt to bowl,"Sophia Gardens, Cardiff",2026-08-27,2026-08-27T10:00:00,"['Glamorgan', 'Hampshire']","[{'name': 'Glamorgan', 'shortname': 'GLAM', 'img': 'https://g.cricapi.com/iapi/1120-637889090390357869.webp?w=48'}, {'name': 'Hampshire', 'shortname': 'HAM', 'img': 'https://g.cricapi.com/iapi/1122-637885550993657486.webp?w=48'}]","[{'r': 85, 'w': 4, 'o': 22.1, 'inning': 'Hampshire Inning 1'}]",fc9cfc65-4ff6-47c4-baa2-05cc39830e5a,False,False,True,True,False
111,3c647e81-d74e-47a3-90fb-e1d3f451d5f6,"Sussex vs Somerset, 50th Match, County Championship Division One 2026",test,Day 1: 1st Session - Sussex opt to bowl,"County Ground, Hove",2026-08-27,2026-08-27T10:00:00,"['Sussex', 'Somerset']","[{'name': 'Somerset', 'shortname': 'SOM', 'img': 'https://g.cricapi.com/iapi/1131-637885552070524344.webp?w=48'}, {'name': 'Sussex', 'shortname': 'SUSS', 'img': 'https://g.cricapi.com/iapi/1134-637889091814592518.webp?w=48'}]","[{'r': 92, 'w': 4, 'o': 28.2, 'inning': 'Somerset Inning 1'}]",fc9cfc65-4ff6-47c4-baa2-05cc39830e5a,False,False,True,True,False
112,cc1c57c0-7ecf-4556-8465-47bbac896427,"England vs Pakistan, 2nd Test, Pakistan tour of England 2026",test,Day 1: 1st Session - Pakistan opt to bowl,"Lord's, London",2026-08-27,2026-08-27T10:00:00,"['England', 'Pakistan']","[{'name': 'England', 'shortname': 'ENG', 'img': 'https://g.cricapi.com/iapi/23-637877072894080569.webp?w=48'}, {'name': 'Pakistan', 'shortname': 'PAK', 'img': 'https://g.cricapi.com/iapi/66-637877075103236690.webp?w=48'}]","[{'r': 29, 'w': 2, 'o': 8.1, 'inning': 'England Inning 1'}]",4f8f04e8-8c11-402d-9bc3-48c09603d9d8,False,False,True,True,False
113,d7ad6f40-5f17-4a8e-8552-044453e33b43,"Luxembourg Women vs Belgium Women, 4th T20I, Belgium Women tour of Luxembourg, 2026",t20,Luxembourg Women won by 47 runs,"Pierre Werner Cricket Ground, Walferdange",2026-08-23,2026-08-23T13:30:00,"['Luxembourg Women', 'Belgium Women']","[{'name': 'Belgium Women', 'shortname': 'BW', 'img': 'https://h.cricapi.com/img/icon512.png'}, {'name': 'Luxembourg Women', 'shortname': 'LW', 'img': 'https://g.cricapi.com/iapi/623-637869397000752571.webp?w=48'}]","[{'r': 194, 'w': 0, 'o': 20, 'inning': 'Luxembourg Women Inning 1'}, {'r': 147, 'w': 8, 'o': 20, 'inning': 'Belgium Women Inning 1'}]",2959c81f-9df4-41f8-b9d7-f316975d9677,False,False,False,True,True
114,67c75be2-2cbe-4d4a-9b42-a71277bceab6,"Luxembourg Women vs Belgium Women, 3rd T20I, Belgium Women tour of Luxembourg, 2026",t20,Luxembourg Women won by 4 wkts,"Pierre Werner Cricket Ground, Walferdange",2026-08-23,2026-08-23T08:30:00,"['Luxembourg Women', 'Belgium Women']","[{'name': 'Belgium Women', 'shortname': 'BW', 'img': 'https://h.cricapi.com/img/icon512.png'}, {'name': 'Luxembourg Women', 'shortname': 'LW', 'img': 'https://g.cricapi.com/iapi/623-637869397000752571.webp?w=48'}]","[{'r': 121, 'w': 7, 'o': 20, 'inning': 'Belgium Women Inning 1'}, {'r': 122, 'w': 6, 'o': 18.4, 'inning': 'Luxembourg Women Inning 1'}]",2959c81f-9df4-41f8-b9d7-f316975d9677,False,False,False,True,True
115,1fa3bd8a-4bac-4ebb-b022-aba8281467e3,"Tanzania Women vs Uganda Women, 12th Match, Womens T20I Quadrangular Series in Namibia 2026",t20,Tanzania Women awarded the match (opposition refused to play),"Namibia Cricket Ground, Windhoek",2026-07-28,2026-07-28T12:00:00,"['Tanzania Women', 'Uganda Women']","[{'name': 'Tanzania Women', 'shortname': 'TAN-W', 'img': 'https://g.cricapi.com/iapi/3614-638101761273860958.webp?w=48'}, {'name': 'Uganda Women', 'shortname': 'UGAW', 'img': 'https://g.cricapi.com/iapi/1135-637877086844153505.webp?w=48'}]","[{'r': 116, 'w': 2, 'o': 16.4, 'inning': 'Uganda Women Inning 1'}]",3014a459-6e69-4f64-86eb-2f30a2cdbd0b,True,False,False,True,False
116,d13e1f53-6487-4b61-8b28-84c9833b3e42,"Trinbago Knight Riders vs Saint Lucia Kings, 17th Match, Caribbean Premier League 2026",t20,Saint Lucia Kings won by 36 runs,"Brian Lara Stadium, Tarouba, Trinidad",2026-08-26,2026-08-26T23:00:00,"['Trinbago Knight Riders', 'Saint Lucia Kings']","[{'name': 'Saint Lucia Kings', 'shortname': 'SLK', 'img': 'https://g.cricapi.com/iapi/266-637937643184202597.webp?w=48'}, {'name': 'Trinbago Knight Riders', 'shortname': 'TKR', 'img': 'https://g.cricapi.com/iapi/293-637932465560269082.png?w=48'}]","[{'r': 211, 'w': 4, 'o': 20, 'inning': 'Saint Lucia Kings Inning 1'}, {'r': 175, 'w': 6, 'o': 20, 'inning': 'Trinbago Knight Riders Inning 1'}]",929c36f6-9ed6-4cec-a2ad-910a2ee4f701,False,False,True,True,True
117,d9c33252-aad4-46a8-bc6d-ca87211717a5,"Antigua and Barbuda Falcons vs Barbados Tridents, 16th Match, Caribbean Premier League 2026",t20,Antigua and Barbuda Falcons won by 30 runs,"Sir Vivian Richards Stadium, North Sound, Antigua",2026-08-25,2026-08-25T23:00:00,"['Antigua and Barbuda Falcons', 'Barbados Tridents']","[{'name': 'Antigua and Barbuda Falcons', 'shortname': 'ABF', 'img': 'https://h.cricapi.com/img/icon512.png'}, {'name': 'Barbados Tridents', 'img': 'https://h.cricapi.com/img/icon512.png'}]","[{'r': 155, 'w': 5, 'o': 20, 'inning': 'Barbados Tridents Inning 1'}, {'r': 125, 'w': 10, 'o': 18, 'inning': 'Antigua and Barbuda Falcons Inning 1'}]",929c36f6-9ed6-4cec-a2ad-910a2ee4f701,False,False,True,True,True
118,82fc5df7-fe9f-4970-972f-993a0c251c14,"Antigua and Barbuda Falcons vs Guyana Amazon Warriors, 15th Match, Caribbean Premier League 2026",t20,Guyana Amazon Warriors won by 7 wkts,"Sir Vivian Richards Stadium, North Sound, Antigua",2026-08-23,2026-08-23T23:00:00,"['Antigua and Barbuda Falcons', 'Guyana Amazon Warriors']","[{'name': 'Antigua and Barbuda Falcons', 'shortname': 'ABF', 'img': 'https://h.cricapi.com/img/icon512.png'}, {'name': 'Guyana Amazon Warriors', 'shortname': 'GAW', 'img': 'https://g.cricapi.com/iapi/174-637945408285271060.webp?w=48'}]","[{'r': 116, 'w': 10, 'o': 17, 'inning': 'Antigua and Barbuda Falcons Inning 1'}, {'r': 121, 'w': 3, 'o': 9.5, 'inning': 'Guyana Amazon Warriors Inning 1'}]",929c36f6-9ed6-4cec-a2ad-910a2ee4f701,False,False,True,True,True
119,0a2f4fd1-eb88-4e99-a527-71a8a34775a4,"Trichy Grand Cholas vs Vida Kovai Kings, Qualifier 2, Tamil Nadu Premier League 2026",t20,Vida Kovai Kings won by 84 runs,"MA Chidambaram Stadium, Chennai",2026-08-26,2026-08-26T14:00:00,"['Trichy Grand Cholas', 'Vida Kovai Kings']","[{'name': 'Trichy Grand Cholas', 'shortname': 'TGC', 'img': 'https://h.cricapi.com/img/icon512.png'}, {'name': 'Vida Kovai Kings', 'img': 'https://h.cricapi.com/img/icon512.png'}]","[{'r': 183, 'w': 5, 'o': 20, 'inning': 'vida kovai kings Inning 1'}, {'r': 99, 'w': 10, 'o': 15.4, 'inning': 'Trichy Grand Cholas,Vida Kovai Kings Inning 1'}]",6c3c5876-5cfc-4490-9c8e-8ba90aec4323,False,False,True,True,True
120,bb130949-5eaa-46ff-89d5-883839da1e3a,"Vida Kovai Kings vs IDream Tiruppur Tamizhans, Eliminator, Tamil Nadu Premier League 2026",t20,No result due to rain,"MA Chidambaram Stadium, Chennai",2026-08-24,2026-08-24T14:00:00,"['Vida Kovai Kings', 'IDream Tiruppur Tamizhans']","[{'name': 'IDream Tiruppur Tamizhans', 'shortname': 'ITT', 'img': 'https://g.cricapi.com/iapi/181-637945148142038694.webp?w=48'}, {'name': 'Vida Kovai Kings', 'img': 'https://h.cricapi.com/img/icon512.png'}]","[{'r': 15, 'w': 0, 'o': 3, 'inning': 'IDream Tiruppur Tamizhans Inning 1'}]",6c3c5876-5cfc-4490-9c8e-8ba90aec4323,False,False,True,True,True
121,7d79a71a-0bd5-41eb-8920-6eae1081ba7e,"Madurai Panthers vs Trichy Grand Cholas, Qualifier 1, Tamil Nadu Premier League 2026",t20,No result due to rain - Madurai Panthers opt to bowl,"MA Chidambaram Stadium, Chennai",2026-08-23,2026-08-23T14:00:00,"['Madurai Panthers', 'Trichy Grand Cholas']","[{'name': 'Madurai Panthers', 'shortname': 'MP', 'img': 'https://g.cricapi.com/iapi/217-637940203723122310.webp?w=48'}, {'name': 'Trichy Grand Cholas', 'shortname': 'TGC', 'img': 'https://h.cricapi.com/img/icon512.png'}]","[{'r': 50, 'w': 1, 'o': 4.5, 'inning': 'Trichy Grand Cholas Inning 1'}]",6c3c5876-5cfc-4490-9c8e-8ba90aec4323,False,False,True,True,True
122,2b5a029a-aa13-4d1b-9bbe-cb6446ee7e9b,"Durham vs Gloucestershire, 40th Match, County Championship Division Two 2026",test,Day 1: 1st Session - Durham opt to bowl,"Riverside Ground, Chester-le-Street",2026-08-27,2026-08-27T10:00:00,"['Durham', 'Gloucestershire']","[{'name': 'Durham', 'shortname': 'DURH', 'img': 'https://g.cricapi.com/iapi/1118-637889090599643548.webp?w=48'}, {'name': 'Gloucestershire', 'shortname': 'GLOU', 'img': 'https://g.cricapi.com/iapi/1121-637885550747990018.webp?w=48'}]","[{'r': 89, 'w': 5, 'o': 27, 'inning': 'Gloucestershire Inning 1'}]",dfe730c5-873d-44ce-955c-00d82716749b,False,False,True,True,False
123,80b734be-dda7-4fbf-bd08-f00321aeb492,"Yorkshire vs Leicestershire, 48th Match, County Championship Division One 2026",test,Day 1: 1st Session - Leicestershire opt to bowl,"North Marine Road Ground, Scarborough",2026-08-27,2026-08-27T10:00:00,"['Yorkshire', 'Leicestershire']","[{'name': 'Leicestershire', 'shortname': 'LECS', 'img': 'https://g.cricapi.com/iapi/1126-637889090878436462.webp?w=48'}, {'name': 'Yorkshire', 'shortname': 'YRK', 'img': 'https://g.cricapi.com/iapi/1139-637885552795894277.webp?w=48'}]","[{'r': 75, 'w': 2, 'o': 23.3, 'inning': 'Yorkshire Inning 1'}]",fc9cfc65-4ff6-47c4-baa2-05cc39830e5a,False,False,True,True,False
124,72c97402-850a-40a1-93d7-d0466af31471,"Glamorgan vs Hampshire, 49th Match, County Championship Division One 2026",test,Day 1: 1st Session - Glamorgan opt to bowl,"Sophia Gardens, Cardiff",2026-08-27,2026-08-27T10:00:00,"['Glamorgan', 'Hampshire']","[{'name': 'Glamorgan', 'shortname': 'GLAM', 'img': 'https://g.cricapi.com/iapi/1120-637889090390357869.webp?w=48'}, {'name': 'Hampshire', 'shortname': 'HAM', 'img': 'https://g.cricapi.com/iapi/1122-637885550993657486.webp?w=48'}]","[{'r': 85, 'w': 4, 'o': 22.1, 'inning': 'Hampshire Inning 1'}]",fc9cfc65-4ff6-47c4-baa2-05cc39830e5a,False,False,True,True,False
125,3c647e81-d74e-47a3-90fb-e1d3f451d5f6,"Sussex vs Somerset, 50th Match, County Championship Division One 2026",test,Day 1: 1st Session - Sussex opt to bowl,"County Ground, Hove",2026-08-27,2026-08-27T10:00:00,"['Sussex', 'Somerset']","[{'name': 'Somerset', 'shortname': 'SOM', 'img': 'https://g.cricapi.com/iapi/1131-637885552070524344.webp?w=48'}, {'name': 'Sussex', 'shortname': 'SUSS', 'img': 'https://g.cricapi.com/iapi/1134-637889091814592518.webp?w=48'}]","[{'r': 92, 'w': 4, 'o': 28.2, 'inning': 'Somerset Inning 1'}]",fc9cfc65-4ff6-47c4-baa2-05cc39830e5a,False,False,True,True,False
126,cc1c57c0-7ecf-4556-8465-47bbac896427,"England vs Pakistan, 2nd Test, Pakistan tour of England 2026",test,Day 1: 1st Session - Pakistan opt to bowl,"Lord's, London",2026-08-27,2026-08-27T10:00:00,"['England', 'Pakistan']","[{'name': 'England', 'shortname': 'ENG', 'img': 'https://g.cricapi.com/iapi/23-637877072894080569.webp?w=48'}, {'name': 'Pakistan', 'shortname': 'PAK', 'img': 'https://g.cricapi.com/iapi/66-637877075103236690.webp?w=48'}]","[{'r': 29, 'w': 2, 'o': 8.1, 'inning': 'England Inning 1'}]",4f8f04e8-8c11-402d-9bc3-48c09603d9d8,False,False,True,True,False
127,d7ad6f40-5f17-4a8e-8552-044453e33b43,"Luxembourg Women vs Belgium Women, 4th T20I, Belgium Women tour of Luxembourg, 2026",t20,Luxembourg Women won by 47 runs,"Pierre Werner Cricket Ground, Walferdange",2026-08-23,2026-08-23T13:30:00,"['Luxembourg Women', 'Belgium Women']","[{'name': 'Belgium Women', 'shortname': 'BW', 'img': 'https://h.cricapi.com/img/icon512.png'}, {'name': 'Luxembourg Women', 'shortname': 'LW', 'img': 'https://g.cricapi.com/iapi/623-637869397000752571.webp?w=48'}]","[{'r': 194, 'w': 0, 'o': 20, 'inning': 'Luxembourg Women Inning 1'}, {'r': 147, 'w': 8, 'o': 20, 'inning': 'Belgium Women Inning 1'}]",2959c81f-9df4-41f8-b9d7-f316975d9677,False,False,False,True,True
128,67c75be2-2cbe-4d4a-9b42-a71277bceab6,"Luxembourg Women vs Belgium Women, 3rd T20I, Belgium Women tour of Luxembourg, 2026",t20,Luxembourg Women won by 4 wkts,"Pierre Werner Cricket Ground, Walferdange",2026-08-23,2026-08-23T08:30:00,"['Luxembourg Women', 'Belgium Women']","[{'name': 'Belgium Women', 'shortname': 'BW', 'img': 'https://h.cricapi.com/img/icon512.png'}, {'name': 'Luxembourg Women', 'shortname': 'LW', 'img': 'https://g.cricapi.com/iapi/623-637869397000752571.webp?w=48'}]","[{'r': 121, 'w': 7, 'o': 20, 'inning': 'Belgium Women Inning 1'}, {'r': 122, 'w': 6, 'o': 18.4, 'inning': 'Luxembourg Women Inning 1'}]",2959c81f-9df4-41f8-b9d7-f316975d9677,False,False,False,True,True
129,1fa3bd8a-4bac-4ebb-b022-aba8281467e3,"Tanzania Women vs Uganda Women, 12th Match, Womens T20I Quadrangular Series in Namibia 2026",t20,Tanzania Women awarded the match (opposition refused to play),"Namibia Cricket Ground, Windhoek",2026-07-28,2026-07-28T12:00:00,"['Tanzania Women', 'Uganda Women']","[{'name': 'Tanzania Women', 'shortname': 'TAN-W', 'img': 'https://g.cricapi.com/iapi/3614-638101761273860958.webp?w=48'}, {'name': 'Uganda Women', 'shortname': 'UGAW', 'img': 'https://g.cricapi.com/iapi/1135-637877086844153505.webp?w=48'}]","[{'r': 116, 'w': 2, 'o': 16.4, 'inning': 'Uganda Women Inning 1'}]",3014a459-6e69-4f64-86eb-2f30a2cdbd0b,True,False,False,True,False
130,d13e1f53-6487-4b61-8b28-84c9833b3e42,"Trinbago Knight Riders vs Saint Lucia Kings, 17th Match, Caribbean Premier League 2026",t20,Saint Lucia Kings won by 36 runs,"Brian Lara Stadium, Tarouba, Trinidad",2026-08-26,2026-08-26T23:00:00,"['Trinbago Knight Riders', 'Saint Lucia Kings']","[{'name': 'Saint Lucia Kings', 'shortname': 'SLK', 'img': 'https://g.cricapi.com/iapi/266-637937643184202597.webp?w=48'}, {'name': 'Trinbago Knight Riders', 'shortname': 'TKR', 'img': 'https://g.cricapi.com/iapi/293-637932465560269082.png?w=48'}]","[{'r': 211, 'w': 4, 'o': 20, 'inning': 'Saint Lucia Kings Inning 1'}, {'r': 175, 'w': 6, 'o': 20, 'inning': 'Trinbago Knight Riders Inning 1'}]",929c36f6-9ed6-4cec-a2ad-910a2ee4f701,False,False,True,True,True
131,d9c33252-aad4-46a8-bc6d-ca87211717a5,"Antigua and Barbuda Falcons vs Barbados Tridents, 16th Match, Caribbean Premier League 2026",t20,Antigua and Barbuda Falcons won by 30 runs,"Sir Vivian Richards Stadium, North Sound, Antigua",2026-08-25,2026-08-25T23:00:00,"['Antigua and Barbuda Falcons', 'Barbados Tridents']","[{'name': 'Antigua and Barbuda Falcons', 'shortname': 'ABF', 'img': 'https://h.cricapi.com/img/icon512.png'}, {'name': 'Barbados Tridents', 'img': 'https://h.cricapi.com/img/icon512.png'}]","[{'r': 155, 'w': 5, 'o': 20, 'inning': 'Barbados Tridents Inning 1'}, {'r': 125, 'w': 10, 'o': 18, 'inning': 'Antigua and Barbuda Falcons Inning 1'}]",929c36f6-9ed6-4cec-a2ad-910a2ee4f701,False,False,True,True,True
132,82fc5df7-fe9f-4970-972f-993a0c251c14,"Antigua and Barbuda Falcons vs Guyana Amazon Warriors, 15th Match, Caribbean Premier League 2026",t20,Guyana Amazon Warriors won by 7 wkts,"Sir Vivian Richards Stadium, North Sound, Antigua",2026-08-23,2026-08-23T23:00:00,"['Antigua and Barbuda Falcons', 'Guyana Amazon Warriors']","[{'name': 'Antigua and Barbuda Falcons', 'shortname': 'ABF', 'img': 'https://h.cricapi.com/img/icon512.png'}, {'name': 'Guyana Amazon Warriors', 'shortname': 'GAW', 'img': 'https://g.cricapi.com/iapi/174-637945408285271060.webp?w=48'}]","[{'r': 116, 'w': 10, 'o': 17, 'inning': 'Antigua and Barbuda Falcons Inning 1'}, {'r': 121, 'w': 3, 'o': 9.5, 'inning': 'Guyana Amazon Warriors Inning 1'}]",929c36f6-9ed6-4cec-a2ad-910a2ee4f701,False,False,True,True,True
133,0a2f4fd1-eb88-4e99-a527-71a8a34775a4,"Trichy Grand Cholas vs Vida Kovai Kings, Qualifier 2, Tamil Nadu Premier League 2026",t20,Vida Kovai Kings won by 84 runs,"MA Chidambaram Stadium, Chennai",2026-08-26,2026-08-26T14:00:00,"['Trichy Grand Cholas', 'Vida Kovai Kings']","[{'name': 'Trichy Grand Cholas', 'shortname': 'TGC', 'img': 'https://h.cricapi.com/img/icon512.png'}, {'name': 'Vida Kovai Kings', 'img': 'https://h.cricapi.com/img/icon512.png'}]","[{'r': 183, 'w': 5, 'o': 20, 'inning': 'vida kovai kings Inning 1'}, {'r': 99, 'w': 10, 'o': 15.4, 'inning': 'Trichy Grand Cholas,Vida Kovai Kings Inning 1'}]",6c3c5876-5cfc-4490-9c8e-8ba90aec4323,False,False,True,True,True
134,bb130949-5eaa-46ff-89d5-883839da1e3a,"Vida Kovai Kings vs IDream Tiruppur Tamizhans, Eliminator, Tamil Nadu Premier League 2026",t20,No result due to rain,"MA Chidambaram Stadium, Chennai",2026-08-24,2026-08-24T14:00:00,"['Vida Kovai Kings', 'IDream Tiruppur Tamizhans']","[{'name': 'IDream Tiruppur Tamizhans', 'shortname': 'ITT', 'img': 'https://g.cricapi.com/iapi/181-637945148142038694.webp?w=48'}, {'name': 'Vida Kovai Kings', 'img': 'https://h.cricapi.com/img/icon512.png'}]","[{'r': 15, 'w': 0, 'o': 3, 'inning': 'IDream Tiruppur Tamizhans Inning 1'}]",6c3c5876-5cfc-4490-9c8e-8ba90aec4323,False,False,True,True,True
135,7d79a71a-0bd5-41eb-8920-6eae1081ba7e,"Madurai Panthers vs Trichy Grand Cholas, Qualifier 1, Tamil Nadu Premier League 2026",t20,No result due to rain - Madurai Panthers opt to bowl,"MA Chidambaram Stadium, Chennai",2026-08-23,2026-08-23T14:00:00,"['Madurai Panthers', 'Trichy Grand Cholas']","[{'name': 'Madurai Panthers', 'shortname': 'MP', 'img': 'https://g.cricapi.com/iapi/217-637940203723122310.webp?w=48'}, {'name': 'Trichy Grand Cholas', 'shortname': 'TGC', 'img': 'https://h.cricapi.com/img/icon512.png'}]","[{'r': 50, 'w': 1, 'o': 4.5, 'inning': 'Trichy Grand Cholas Inning 1'}]",6c3c5876-5cfc-4490-9c8e-8ba90aec4323,False,False,True,True,True
136,2b5a029a-aa13-4d1b-9bbe-cb6446ee7e9b,"Durham vs Gloucestershire, 40th Match, County Championship Division Two 2026",test,Day 1: 1st Session - Durham opt to bowl,"Riverside Ground, Chester-le-Street",2026-08-27,2026-08-27T10:00:00,"['Durham', 'Gloucestershire']","[{'name': 'Durham', 'shortname': 'DURH', 'img': 'https://g.cricapi.com/iapi/1118-637889090599643548.webp?w=48'}, {'name': 'Gloucestershire', 'shortname': 'GLOU', 'img': 'https://g.cricapi.com/iapi/1121-637885550747990018.webp?w=48'}]","[{'r': 89, 'w': 5, 'o': 27, 'inning': 'Gloucestershire Inning 1'}]",dfe730c5-873d-44ce-955c-00d82716749b,False,False,True,True,False
137,80b734be-dda7-4fbf-bd08-f00321aeb492,"Yorkshire vs Leicestershire, 48th Match, County Championship Division One 2026",test,Day 1: 1st Session - Leicestershire opt to bowl,"North Marine Road Ground, Scarborough",2026-08-27,2026-08-27T10:00:00,"['Yorkshire', 'Leicestershire']","[{'name': 'Leicestershire', 'shortname': 'LECS', 'img': 'https://g.cricapi.com/iapi/1126-637889090878436462.webp?w=48'}, {'name': 'Yorkshire', 'shortname': 'YRK', 'img': 'https://g.cricapi.com/iapi/1139-637885552795894277.webp?w=48'}]","[{'r': 75, 'w': 2, 'o': 23.3, 'inning': 'Yorkshire Inning 1'}]",fc9cfc65-4ff6-47c4-baa2-05cc39830e5a,False,False,True,True,False
138,72c97402-850a-40a1-93d7-d0466af31471,"Glamorgan vs Hampshire, 49th Match, County Championship Division One 2026",test,Day 1: 1st Session - Glamorgan opt to bowl,"Sophia Gardens, Cardiff",2026-08-27,2026-08-27T10:00:00,"['Glamorgan', 'Hampshire']","[{'name': 'Glamorgan', 'shortname': 'GLAM', 'img': 'https://g.cricapi.com/iapi/1120-637889090390357869.webp?w=48'}, {'name': 'Hampshire', 'shortname': 'HAM', 'img': 'https://g.cricapi.com/iapi/1122-637885550993657486.webp?w=48'}]","[{'r': 85, 'w': 4, 'o': 22.1, 'inning': 'Hampshire Inning 1'}]",fc9cfc65-4ff6-47c4-baa2-05cc39830e5a,False,False,True,True,False
139,3c647e81-d74e-47a3-90fb-e1d3f451d5f6,"Sussex vs Somerset, 50th Match, County Championship Division One 2026",test,Day 1: 1st Session - Sussex opt to bowl,"County Ground, Hove",2026-08-27,2026-08-27T10:00:00,"['Sussex', 'Somerset']","[{'name': 'Somerset', 'shortname': 'SOM', 'img': 'https://g.cricapi.com/iapi/1131-637885552070524344.webp?w=48'}, {'name': 'Sussex', 'shortname': 'SUSS', 'img': 'https://g.cricapi.com/iapi/1134-637889091814592518.webp?w=48'}]","[{'r': 92, 'w': 4, 'o': 28.2, 'inning': 'Somerset Inning 1'}]",fc9cfc65-4ff6-47c4-baa2-05cc39830e5a,False,False,True,True,False
140,cc1c57c0-7ecf-4556-8465-47bbac896427,"England vs Pakistan, 2nd Test, Pakistan tour of England 2026",test,Day 1: 1st Session - Pakistan opt to bowl,"Lord's, London",2026-08-27,2026-08-27T10:00:00,"['England', 'Pakistan']","[{'name': 'England', 'shortname': 'ENG', 'img': 'https://g.cricapi.com/iapi/23-637877072894080569.webp?w=48'}, {'name': 'Pakistan', 'shortname': 'PAK', 'img': 'https://g.cricapi.com/iapi/66-637877075103236690.webp?w=48'}]","[{'r': 29, 'w': 2, 'o': 8.1, 'inning': 'England Inning 1'}]",4f8f04e8-8c11-402d-9bc3-48c09603d9d8,False,False,True,True,False
141,d7ad6f40-5f17-4a8e-8552-044453e33b43,"Luxembourg Women vs Belgium Women, 4th T20I, Belgium Women tour of Luxembourg, 2026",t20,Luxembourg Women won by 47 runs,"Pierre Werner Cricket Ground, Walferdange",2026-08-23,2026-08-23T13:30:00,"['Luxembourg Women', 'Belgium Women']","[{'name': 'Belgium Women', 'shortname': 'BW', 'img': 'https://h.cricapi.com/img/icon512.png'}, {'name': 'Luxembourg Women', 'shortname': 'LW', 'img': 'https://g.cricapi.com/iapi/623-637869397000752571.webp?w=48'}]","[{'r': 194, 'w': 0, 'o': 20, 'inning': 'Luxembourg Women Inning 1'}, {'r': 147, 'w': 8, 'o': 20, 'inning': 'Belgium Women Inning 1'}]",2959c81f-9df4-41f8-b9d7-f316975d9677,False,False,False,True,True
142,67c75be2-2cbe-4d4a-9b42-a71277bceab6,"Luxembourg Women vs Belgium Women, 3rd T20I, Belgium Women tour of Luxembourg, 2026",t20,Luxembourg Women won by 4 wkts,"Pierre Werner Cricket Ground, Walferdange",2026-08-23,2026-08-23T08:30:00,"['Luxembourg Women', 'Belgium Women']","[{'name': 'Belgium Women', 'shortname': 'BW', 'img': 'https://h.cricapi.com/img/icon512.png'}, {'name': 'Luxembourg Women', 'shortname': 'LW', 'img': 'https://g.cricapi.com/iapi/623-637869397000752571.webp?w=48'}]","[{'r': 121, 'w': 7, 'o': 20, 'inning': 'Belgium Women Inning 1'}, {'r': 122, 'w': 6, 'o': 18.4, 'inning': 'Luxembourg Women Inning 1'}]",2959c81f-9df4-41f8-b9d7-f316975d9677,False,False,False,True,True
143,1fa3bd8a-4bac-4ebb-b022-aba8281467e3,"Tanzania Women vs Uganda Women, 12th Match, Womens T20I Quadrangular Series in Namibia 2026",t20,Tanzania Women awarded the match (opposition refused to play),"Namibia Cricket Ground, Windhoek",2026-07-28,2026-07-28T12:00:00,"['Tanzania Women', 'Uganda Women']","[{'name': 'Tanzania Women', 'shortname': 'TAN-W', 'img': 'https://g.cricapi.com/iapi/3614-638101761273860958.webp?w=48'}, {'name': 'Uganda Women', 'shortname': 'UGAW', 'img': 'https://g.cricapi.com/iapi/1135-637877086844153505.webp?w=48'}]","[{'r': 116, 'w': 2, 'o': 16.4, 'inning': 'Uganda Women Inning 1'}]",3014a459-6e69-4f64-86eb-2f30a2cdbd0b,True,False,False,True,False
144,d13e1f53-6487-4b61-8b28-84c9833b3e42,"Trinbago Knight Riders vs Saint Lucia Kings, 17th Match, Caribbean Premier League 2026",t20,Saint Lucia Kings won by 36 runs,"Brian Lara Stadium, Tarouba, Trinidad",2026-08-26,2026-08-26T23:00:00,"['Trinbago Knight Riders', 'Saint Lucia Kings']","[{'name': 'Saint Lucia Kings', 'shortname': 'SLK', 'img': 'https://g.cricapi.com/iapi/266-637937643184202597.webp?w=48'}, {'name': 'Trinbago Knight Riders', 'shortname': 'TKR', 'img': 'https://g.cricapi.com/iapi/293-637932465560269082.png?w=48'}]","[{'r': 211, 'w': 4, 'o': 20, 'inning': 'Saint Lucia Kings Inning 1'}, {'r': 175, 'w': 6, 'o': 20, 'inning': 'Trinbago Knight Riders Inning 1'}]",929c36f6-9ed6-4cec-a2ad-910a2ee4f701,False,False,True,True,True
145,d9c33252-aad4-46a8-bc6d-ca87211717a5,"Antigua and Barbuda Falcons vs Barbados Tridents, 16th Match, Caribbean Premier League 2026",t20,Antigua and Barbuda Falcons won by 30 runs,"Sir Vivian Richards Stadium, North Sound, Antigua",2026-08-25,2026-08-25T23:00:00,"['Antigua and Barbuda Falcons', 'Barbados Tridents']","[{'name': 'Antigua and Barbuda Falcons', 'shortname': 'ABF', 'img': 'https://h.cricapi.com/img/icon512.png'}, {'name': 'Barbados Tridents', 'img': 'https://h.cricapi.com/img/icon512.png'}]","[{'r': 155, 'w': 5, 'o': 20, 'inning': 'Barbados Tridents Inning 1'}, {'r': 125, 'w': 10, 'o': 18, 'inning': 'Antigua and Barbuda Falcons Inning 1'}]",929c36f6-9ed6-4cec-a2ad-910a2ee4f701,False,False,True,True,True
146,82fc5df7-fe9f-4970-972f-993a0c251c14,"Antigua and Barbuda Falcons vs Guyana Amazon Warriors, 15th Match, Caribbean Premier League 2026",t20,Guyana Amazon Warriors won by 7 wkts,"Sir Vivian Richards Stadium, North Sound, Antigua",2026-08-23,2026-08-23T23:00:00,"['Antigua and Barbuda Falcons', 'Guyana Amazon Warriors']","[{'name': 'Antigua and Barbuda Falcons', 'shortname': 'ABF', 'img': 'https://h.cricapi.com/img/icon512.png'}, {'name': 'Guyana Amazon Warriors', 'shortname': 'GAW', 'img': 'https://g.cricapi.com/iapi/174-637945408285271060.webp?w=48'}]","[{'r': 116, 'w': 10, 'o': 17, 'inning': 'Antigua and Barbuda Falcons Inning 1'}, {'r': 121, 'w': 3, 'o': 9.5, 'inning': 'Guyana Amazon Warriors Inning 1'}]",929c36f6-9ed6-4cec-a2ad-910a2ee4f701,False,False,True,True,True
147,0a2f4fd1-eb88-4e99-a527-71a8a34775a4,"Trichy Grand Cholas vs Vida Kovai Kings, Qualifier 2, Tamil Nadu Premier League 2026",t20,Vida Kovai Kings won by 84 runs,"MA Chidambaram Stadium, Chennai",2026-08-26,2026-08-26T14:00:00,"['Trichy Grand Cholas', 'Vida Kovai Kings']","[{'name': 'Trichy Grand Cholas', 'shortname': 'TGC', 'img': 'https://h.cricapi.com/img/icon512.png'}, {'name': 'Vida Kovai Kings', 'img': 'https://h.cricapi.com/img/icon512.png'}]","[{'r': 183, 'w': 5, 'o': 20, 'inning': 'vida kovai kings Inning 1'}, {'r': 99, 'w': 10, 'o': 15.4, 'inning': 'Trichy Grand Cholas,Vida Kovai Kings Inning 1'}]",6c3c5876-5cfc-4490-9c8e-8ba90aec4323,False,False,True,True,True
148,bb130949-5eaa-46ff-89d5-883839da1e3a,"Vida Kovai Kings vs IDream Tiruppur Tamizhans, Eliminator, Tamil Nadu Premier League 2026",t20,No result due to rain,"MA Chidambaram Stadium, Chennai",2026-08-24,2026-08-24T14:00:00,"['Vida Kovai Kings', 'IDream Tiruppur Tamizhans']","[{'name': 'IDream Tiruppur Tamizhans', 'shortname': 'ITT', 'img': 'https://g.cricapi.com/iapi/181-637945148142038694.webp?w=48'}, {'name': 'Vida Kovai Kings', 'img': 'https://h.cricapi.com/img/icon512.png'}]","[{'r': 15, 'w': 0, 'o': 3, 'inning': 'IDream Tiruppur Tamizhans Inning 1'}]",6c3c5876-5cfc-4490-9c8e-8ba90aec4323,False,False,True,True,True
149,7d79a71a-0bd5-41eb-8920-6eae1081ba7e,"Madurai Panthers vs Trichy Grand Cholas, Qualifier 1, Tamil Nadu Premier League 2026",t20,No result due to rain - Madurai Panthers opt to bowl,"MA Chidambaram Stadium, Chennai",2026-08-23,2026-08-23T14:00:00,"['Madurai Panthers', 'Trichy Grand Cholas']","[{'name': 'Madurai Panthers', 'shortname': 'MP', 'img': 'https://g.cricapi.com/iapi/217-637940203723122310.webp?w=48'}, {'name': 'Trichy Grand Cholas', 'shortname': 'TGC', 'img': 'https://h.cricapi.com/img/icon512.png'}]","[{'r': 50, 'w': 1, 'o': 4.5, 'inning': 'Trichy Grand Cholas Inning 1'}]",6c3c5876-5cfc-4490-9c8e-8ba90aec4323,False,False,True,True,True
150,2b5a029a-aa13-4d1b-9bbe-cb6446ee7e9b,"Durham vs Gloucestershire, 40th Match, County Championship Division Two 2026",test,Day 1: 1st Session - Durham opt to bowl,"Riverside Ground, Chester-le-Street",2026-08-27,2026-08-27T10:00:00,"['Durham', 'Gloucestershire']","[{'name': 'Durham', 'shortname': 'DURH', 'img': 'https://g.cricapi.com/iapi/1118-637889090599643548.webp?w=48'}, {'name': 'Gloucestershire', 'shortname': 'GLOU', 'img': 'https://g.cricapi.com/iapi/1121-637885550747990018.webp?w=48'}]","[{'r': 89, 'w': 5, 'o': 27, 'inning': 'Gloucestershire Inning 1'}]",dfe730c5-873d-44ce-955c-00d82716749b,False,False,True,True,False
151,80b734be-dda7-4fbf-bd08-f00321aeb492,"Yorkshire vs Leicestershire, 48th Match, County Championship Division One 2026",test,Day 1: 1st Session - Leicestershire opt to bowl,"North Marine Road Ground, Scarborough",2026-08-27,2026-08-27T10:00:00,"['Yorkshire', 'Leicestershire']","[{'name': 'Leicestershire', 'shortname': 'LECS', 'img': 'https://g.cricapi.com/iapi/1126-637889090878436462.webp?w=48'}, {'name': 'Yorkshire', 'shortname': 'YRK', 'img': 'https://g.cricapi.com/iapi/1139-637885552795894277.webp?w=48'}]","[{'r': 75, 'w': 2, 'o': 23.3, 'inning': 'Yorkshire Inning 1'}]",fc9cfc65-4ff6-47c4-baa2-05cc39830e5a,False,False,True,True,False
152,72c97402-850a-40a1-93d7-d0466af31471,"Glamorgan vs Hampshire, 49th Match, County Championship Division One 2026",test,Day 1: 1st Session - Glamorgan opt to bowl,"Sophia Gardens, Cardiff",2026-08-27,2026-08-27T10:00:00,"['Glamorgan', 'Hampshire']","[{'name': 'Glamorgan', 'shortname': 'GLAM', 'img': 'https://g.cricapi.com/iapi/1120-637889090390357869.webp?w=48'}, {'name': 'Hampshire', 'shortname': 'HAM', 'img': 'https://g.cricapi.com/iapi/1122-637885550993657486.webp?w=48'}]","[{'r': 85, 'w': 4, 'o': 22.1, 'inning': 'Hampshire Inning 1'}]",fc9cfc65-4ff6-47c4-baa2-05cc39830e5a,False,False,True,True,False
153,3c647e81-d74e-47a3-90fb-e1d3f451d5f6,"Sussex vs Somerset, 50th Match, County Championship Division One 2026",test,Day 1: 1st Session - Sussex opt to bowl,"County Ground, Hove",2026-08-27,2026-08-27T10:00:00,"['Sussex', 'Somerset']","[{'name': 'Somerset', 'shortname': 'SOM', 'img': 'https://g.cricapi.com/iapi/1131-637885552070524344.webp?w=48'}, {'name': 'Sussex', 'shortname': 'SUSS', 'img': 'https://g.cricapi.com/iapi/1134-637889091814592518.webp?w=48'}]","[{'r': 92, 'w': 4, 'o': 28.2, 'inning': 'Somerset Inning 1'}]",fc9cfc65-4ff6-47c4-baa2-05cc39830e5a,False,False,True,True,False
154,cc1c57c0-7ecf-4556-8465-47bbac896427,"England vs Pakistan, 2nd Test, Pakistan tour of England 2026",test,Day 1: 1st Session - Pakistan opt to bowl,"Lord's, London",2026-08-27,2026-08-27T10:00:00,"['England', 'Pakistan']","[{'name': 'England', 'shortname': 'ENG', 'img': 'https://g.cricapi.com/iapi/23-637877072894080569.webp?w=48'}, {'name': 'Pakistan', 'shortname': 'PAK', 'img': 'https://g.cricapi.com/iapi/66-637877075103236690.webp?w=48'}]","[{'r': 29, 'w': 2, 'o': 8.1, 'inning': 'England Inning 1'}]",4f8f04e8-8c11-402d-9bc3-48c09603d9d8,False,False,True,True,False
155,d7ad6f40-5f17-4a8e-8552-044453e33b43,"Luxembourg Women vs Belgium Women, 4th T20I, Belgium Women tour of Luxembourg, 2026",t20,Luxembourg Women won by 47 runs,"Pierre Werner Cricket Ground, Walferdange",2026-08-23,2026-08-23T13:30:00,"['Luxembourg Women', 'Belgium Women']","[{'name': 'Belgium Women', 'shortname': 'BW', 'img': 'https://h.cricapi.com/img/icon512.png'}, {'name': 'Luxembourg Women', 'shortname': 'LW', 'img': 'https://g.cricapi.com/iapi/623-637869397000752571.webp?w=48'}]","[{'r': 194, 'w': 0, 'o': 20, 'inning': 'Luxembourg Women Inning 1'}, {'r': 147, 'w': 8, 'o': 20, 'inning': 'Belgium Women Inning 1'}]",2959c81f-9df4-41f8-b9d7-f316975d9677,False,False,False,True,True
156,67c75be2-2cbe-4d4a-9b42-a71277bceab6,"Luxembourg Women vs Belgium Women, 3rd T20I, Belgium Women tour of Luxembourg, 2026",t20,Luxembourg Women won by 4 wkts,"Pierre Werner Cricket Ground, Walferdange",2026-08-23,2026-08-23T08:30:00,"['Luxembourg Women', 'Belgium Women']","[{'name': 'Belgium Women', 'shortname': 'BW', 'img': 'https://h.cricapi.com/img/icon512.png'}, {'name': 'Luxembourg Women', 'shortname': 'LW', 'img': 'https://g.cricapi.com/iapi/623-637869397000752571.webp?w=48'}]","[{'r': 121, 'w': 7, 'o': 20, 'inning': 'Belgium Women Inning 1'}, {'r': 122, 'w': 6, 'o': 18.4, 'inning': 'Luxembourg Women Inning 1'}]",2959c81f-9df4-41f8-b9d7-f316975d9677,False,False,False,True,True
157,1fa3bd8a-4bac-4ebb-b022-aba8281467e3,"Tanzania Women vs Uganda Women, 12th Match, Womens T20I Quadrangular Series in Namibia 2026",t20,Tanzania Women awarded the match (opposition refused to play),"Namibia Cricket Ground, Windhoek",2026-07-28,2026-07-28T12:00:00,"['Tanzania Women', 'Uganda Women']","[{'name': 'Tanzania Women', 'shortname': 'TAN-W', 'img': 'https://g.cricapi.com/iapi/3614-638101761273860958.webp?w=48'}, {'name': 'Uganda Women', 'shortname': 'UGAW', 'img': 'https://g.cricapi.com/iapi/1135-637877086844153505.webp?w=48'}]","[{'r': 116, 'w': 2, 'o': 16.4, 'inning': 'Uganda Women Inning 1'}]",3014a459-6e69-4f64-86eb-2f30a2cdbd0b,True,False,False,True,False
158,d13e1f53-6487-4b61-8b28-84c9833b3e42,"Trinbago Knight Riders vs Saint Lucia Kings, 17th Match, Caribbean Premier League 2026",t20,Saint Lucia Kings won by 36 runs,"Brian Lara Stadium, Tarouba, Trinidad",2026-08-26,2026-08-26T23:00:00,"['Trinbago Knight Riders', 'Saint Lucia Kings']","[{'name': 'Saint Lucia Kings', 'shortname': 'SLK', 'img': 'https://g.cricapi.com/iapi/266-637937643184202597.webp?w=48'}, {'name': 'Trinbago Knight Riders', 'shortname': 'TKR', 'img': 'https://g.cricapi.com/iapi/293-637932465560269082.png?w=48'}]","[{'r': 211, 'w': 4, 'o': 20, 'inning': 'Saint Lucia Kings Inning 1'}, {'r': 175, 'w': 6, 'o': 20, 'inning': 'Trinbago Knight Riders Inning 1'}]",929c36f6-9ed6-4cec-a2ad-910a2ee4f701,False,False,True,True,True
159,d9c33252-aad4-46a8-bc6d-ca87211717a5,"Antigua and Barbuda Falcons vs Barbados Tridents, 16th Match, Caribbean Premier League 2026",t20,Antigua and Barbuda Falcons won by 30 runs,"Sir Vivian Richards Stadium, North Sound, Antigua",2026-08-25,2026-08-25T23:00:00,"['Antigua and Barbuda Falcons', 'Barbados Tridents']","[{'name': 'Antigua and Barbuda Falcons', 'shortname': 'ABF', 'img': 'https://h.cricapi.com/img/icon512.png'}, {'name': 'Barbados Tridents', 'img': 'https://h.cricapi.com/img/icon512.png'}]","[{'r': 155, 'w': 5, 'o': 20, 'inning': 'Barbados Tridents Inning 1'}, {'r': 125, 'w': 10, 'o': 18, 'inning': 'Antigua and Barbuda Falcons Inning 1'}]",929c36f6-9ed6-4cec-a2ad-910a2ee4f701,False,False,True,True,True
160,82fc5df7-fe9f-4970-972f-993a0c251c14,"Antigua and Barbuda Falcons vs Guyana Amazon Warriors, 15th Match, Caribbean Premier League 2026",t20,Guyana Amazon Warriors won by 7 wkts,"Sir Vivian Richards Stadium, North Sound, Antigua",2026-08-23,2026-08-23T23:00:00,"['Antigua and Barbuda Falcons', 'Guyana Amazon Warriors']","[{'name': 'Antigua and Barbuda Falcons', 'shortname': 'ABF', 'img': 'https://h.cricapi.com/img/icon512.png'}, {'name': 'Guyana Amazon Warriors', 'shortname': 'GAW', 'img': 'https://g.cricapi.com/iapi/174-637945408285271060.webp?w=48'}]","[{'r': 116, 'w': 10, 'o': 17, 'inning': 'Antigua and Barbuda Falcons Inning 1'}, {'r': 121, 'w': 3, 'o': 9.5, 'inning': 'Guyana Amazon Warriors Inning 1'}]",929c36f6-9ed6-4cec-a2ad-910a2ee4f701,False,False,True,True,True
161,0a2f4fd1-eb88-4e99-a527-71a8a34775a4,"Trichy Grand Cholas vs Vida Kovai Kings, Qualifier 2, Tamil Nadu Premier League 2026",t20,Vida Kovai Kings won by 84 runs,"MA Chidambaram Stadium, Chennai",2026-08-26,2026-08-26T14:00:00,"['Trichy Grand Cholas', 'Vida Kovai Kings']","[{'name': 'Trichy Grand Cholas', 'shortname': 'TGC', 'img': 'https://h.cricapi.com/img/icon512.png'}, {'name': 'Vida Kovai Kings', 'img': 'https://h.cricapi.com/img/icon512.png'}]","[{'r': 183, 'w': 5, 'o': 20, 'inning': 'vida kovai kings Inning 1'}, {'r': 99, 'w': 10, 'o': 15.4, 'inning': 'Trichy Grand Cholas,Vida Kovai Kings Inning 1'}]",6c3c5876-5cfc-4490-9c8e-8ba90aec4323,False,False,True,True,True
162,bb130949-5eaa-46ff-89d5-883839da1e3a,"Vida Kovai Kings vs IDream Tiruppur Tamizhans, Eliminator, Tamil Nadu Premier League 2026",t20,No result due to rain,"MA Chidambaram Stadium, Chennai",2026-08-24,2026-08-24T14:00:00,"['Vida Kovai Kings', 'IDream Tiruppur Tamizhans']","[{'name': 'IDream Tiruppur Tamizhans', 'shortname': 'ITT', 'img': 'https://g.cricapi.com/iapi/181-637945148142038694.webp?w=48'}, {'name': 'Vida Kovai Kings', 'img': 'https://h.cricapi.com/img/icon512.png'}]","[{'r': 15, 'w': 0, 'o': 3, 'inning': 'IDream Tiruppur Tamizhans Inning 1'}]",6c3c5876-5cfc-4490-9c8e-8ba90aec4323,False,False,True,True,True
163,7d79a71a-0bd5-41eb-8920-6eae1081ba7e,"Madurai Panthers vs Trichy Grand Cholas, Qualifier 1, Tamil Nadu Premier League 2026",t20,No result due to rain - Madurai Panthers opt to bowl,"MA Chidambaram Stadium, Chennai",2026-08-23,2026-08-23T14:00:00,"['Madurai Panthers', 'Trichy Grand Cholas']","[{'name': 'Madurai Panthers', 'shortname': 'MP', 'img': 'https://g.cricapi.com/iapi/217-637940203723122310.webp?w=48'}, {'name': 'Trichy Grand Cholas', 'shortname': 'TGC', 'img': 'https://h.cricapi.com/img/icon512.png'}]","[{'r': 50, 'w': 1, 'o': 4.5, 'inning': 'Trichy Grand Cholas Inning 1'}]",6c3c5876-5cfc-4490-9c8e-8ba90aec4323,False,False,True,True,True
164,2b5a029a-aa13-4d1b-9bbe-cb6446ee7e9b,"Durham vs Gloucestershire, 40th Match, County Championship Division Two 2026",test,Day 1: 1st Session - Durham opt to bowl,"Riverside Ground, Chester-le-Street",2026-08-27,2026-08-27T10:00:00,"['Durham', 'Gloucestershire']","[{'name': 'Durham', 'shortname': 'DURH', 'img': 'https://g.cricapi.com/iapi/1118-637889090599643548.webp?w=48'}, {'name': 'Gloucestershire', 'shortname': 'GLOU', 'img': 'https://g.cricapi.com/iapi/1121-637885550747990018.webp?w=48'}]","[{'r': 89, 'w': 5, 'o': 27, 'inning': 'Gloucestershire Inning 1'}]",dfe730c5-873d-44ce-955c-00d82716749b,False,False,True,True,False
165,80b734be-dda7-4fbf-bd08-f00321aeb492,"Yorkshire vs Leicestershire, 48th Match, County Championship Division One 2026",test,Day 1: 1st Session - Leicestershire opt to bowl,"North Marine Road Ground, Scarborough",2026-08-27,2026-08-27T10:00:00,"['Yorkshire', 'Leicestershire']","[{'name': 'Leicestershire', 'shortname': 'LECS', 'img': 'https://g.cricapi.com/iapi/1126-637889090878436462.webp?w=48'}, {'name': 'Yorkshire', 'shortname': 'YRK', 'img': 'https://g.cricapi.com/iapi/1139-637885552795894277.webp?w=48'}]","[{'r': 75, 'w': 2, 'o': 23.3, 'inning': 'Yorkshire Inning 1'}]",fc9cfc65-4ff6-47c4-baa2-05cc39830e5a,False,False,True,True,False
166,72c97402-850a-40a1-93d7-d0466af31471,"Glamorgan vs Hampshire, 49th Match, County Championship Division One 2026",test,Day 1: 1st Session - Glamorgan opt to bowl,"Sophia Gardens, Cardiff",2026-08-27,2026-08-27T10:00:00,"['Glamorgan', 'Hampshire']","[{'name': 'Glamorgan', 'shortname': 'GLAM', 'img': 'https://g.cricapi.com/iapi/1120-637889090390357869.webp?w=48'}, {'name': 'Hampshire', 'shortname': 'HAM', 'img': 'https://g.cricapi.com/iapi/1122-637885550993657486.webp?w=48'}]","[{'r': 85, 'w': 4, 'o': 22.1, 'inning': 'Hampshire Inning 1'}]",fc9cfc65-4ff6-47c4-baa2-05cc39830e5a,False,False,True,True,False
167,3c647e81-d74e-47a3-90fb-e1d3f451d5f6,"Sussex vs Somerset, 50th Match, County Championship Division One 2026",test,Day 1: 1st Session - Sussex opt to bowl,"County Ground, Hove",2026-08-27,2026-08-27T10:00:00,"['Sussex', 'Somerset']","[{'name': 'Somerset', 'shortname': 'SOM', 'img': 'https://g.cricapi.com/iapi/1131-637885552070524344.webp?w=48'}, {'name': 'Sussex', 'shortname': 'SUSS', 'img': 'https://g.cricapi.com/iapi/1134-637889091814592518.webp?w=48'}]","[{'r': 92, 'w': 4, 'o': 28.2, 'inning': 'Somerset Inning 1'}]",fc9cfc65-4ff6-47c4-baa2-05cc39830e5a,False,False,True,True,False
168,cc1c57c0-7ecf-4556-8465-47bbac896427,"England vs Pakistan, 2nd Test, Pakistan tour of England 2026",test,Day 1: 1st Session - Pakistan opt to bowl,"Lord's, London",2026-08-27,2026-08-27T10:00:00,"['England', 'Pakistan']","[{'name': 'England', 'shortname': 'ENG', 'img': 'https://g.cricapi.com/iapi/23-637877072894080569.webp?w=48'}, {'name': 'Pakistan', 'shortname': 'PAK', 'img': 'https://g.cricapi.com/iapi/66-637877075103236690.webp?w=48'}]","[{'r': 29, 'w': 2, 'o': 8.1, 'inning': 'England Inning 1'}]",4f8f04e8-8c11-402d-9bc3-48c09603d9d8,False,False,True,True,False
169,d7ad6f40-5f17-4a8e-8552-044453e33b43,"Luxembourg Women vs Belgium Women, 4th T20I, Belgium Women tour of Luxembourg, 2026",t20,Luxembourg Women won by 47 runs,"Pierre Werner Cricket Ground, Walferdange",2026-08-23,2026-08-23T13:30:00,"['Luxembourg Women', 'Belgium Women']","[{'name': 'Belgium Women', 'shortname': 'BW', 'img': 'https://h.cricapi.com/img/icon512.png'}, {'name': 'Luxembourg Women', 'shortname': 'LW', 'img': 'https://g.cricapi.com/iapi/623-637869397000752571.webp?w=48'}]","[{'r': 194, 'w': 0, 'o': 20, 'inning': 'Luxembourg Women Inning 1'}, {'r': 147, 'w': 8, 'o': 20, 'inning': 'Belgium Women Inning 1'}]",2959c81f-9df4-41f8-b9d7-f316975d9677,False,False,False,True,True
170,67c75be2-2cbe-4d4a-9b42-a71277bceab6,"Luxembourg Women vs Belgium Women, 3rd T20I, Belgium Women tour of Luxembourg, 2026",t20,Luxembourg Women won by 4 wkts,"Pierre Werner Cricket Ground, Walferdange",2026-08-23,2026-08-23T08:30:00,"['Luxembourg Women', 'Belgium Women']","[{'name': 'Belgium Women', 'shortname': 'BW', 'img': 'https://h.cricapi.com/img/icon512.png'}, {'name': 'Luxembourg Women', 'shortname': 'LW', 'img': 'https://g.cricapi.com/iapi/623-637869397000752571.webp?w=48'}]","[{'r': 121, 'w': 7, 'o': 20, 'inning': 'Belgium Women Inning 1'}, {'r': 122, 'w': 6, 'o': 18.4, 'inning': 'Luxembourg Women Inning 1'}]",2959c81f-9df4-41f8-b9d7-f316975d9677,False,False,False,True,True
171,1fa3bd8a-4bac-4ebb-b022-aba8281467e3,"Tanzania Women vs Uganda Women, 12th Match, Womens T20I Quadrangular Series in Namibia 2026",t20,Tanzania Women awarded the match (opposition refused to play),"Namibia Cricket Ground, Windhoek",2026-07-28,2026-07-28T12:00:00,"['Tanzania Women', 'Uganda Women']","[{'name': 'Tanzania Women', 'shortname': 'TAN-W', 'img': 'https://g.cricapi.com/iapi/3614-638101761273860958.webp?w=48'}, {'name': 'Uganda Women', 'shortname': 'UGAW', 'img': 'https://g.cricapi.com/iapi/1135-637877086844153505.webp?w=48'}]","[{'r': 116, 'w': 2, 'o': 16.4, 'inning': 'Uganda Women Inning 1'}]",3014a459-6e69-4f64-86eb-2f30a2cdbd0b,True,False,False,True,False
172,d13e1f53-6487-4b61-8b28-84c9833b3e42,"Trinbago Knight Riders vs Saint Lucia Kings, 17th Match, Caribbean Premier League 2026",t20,Saint Lucia Kings won by 36 runs,"Brian Lara Stadium, Tarouba, Trinidad",2026-08-26,2026-08-26T23:00:00,"['Trinbago Knight Riders', 'Saint Lucia Kings']","[{'name': 'Saint Lucia Kings', 'shortname': 'SLK', 'img': 'https://g.cricapi.com/iapi/266-637937643184202597.webp?w=48'}, {'name': 'Trinbago Knight Riders', 'shortname': 'TKR', 'img': 'https://g.cricapi.com/iapi/293-637932465560269082.png?w=48'}]","[{'r': 211, 'w': 4, 'o': 20, 'inning': 'Saint Lucia Kings Inning 1'}, {'r': 175, 'w': 6, 'o': 20, 'inning': 'Trinbago Knight Riders Inning 1'}]",929c36f6-9ed6-4cec-a2ad-910a2ee4f701,False,False,True,True,True
173,d9c33252-aad4-46a8-bc6d-ca87211717a5,"Antigua and Barbuda Falcons vs Barbados Tridents, 16th Match, Caribbean Premier League 2026",t20,Antigua and Barbuda Falcons won by 30 runs,"Sir Vivian Richards Stadium, North Sound, Antigua",2026-08-25,2026-08-25T23:00:00,"['Antigua and Barbuda Falcons', 'Barbados Tridents']","[{'name': 'Antigua and Barbuda Falcons', 'shortname': 'ABF', 'img': 'https://h.cricapi.com/img/icon512.png'}, {'name': 'Barbados Tridents', 'img': 'https://h.cricapi.com/img/icon512.png'}]","[{'r': 155, 'w': 5, 'o': 20, 'inning': 'Barbados Tridents Inning 1'}, {'r': 125, 'w': 10, 'o': 18, 'inning': 'Antigua and Barbuda Falcons Inning 1'}]",929c36f6-9ed6-4cec-a2ad-910a2ee4f701,False,False,True,True,True
174,82fc5df7-fe9f-4970-972f-993a0c251c14,"Antigua and Barbuda Falcons vs Guyana Amazon Warriors, 15th Match, Caribbean Premier League 2026",t20,Guyana Amazon Warriors won by 7 wkts,"Sir Vivian Richards Stadium, North Sound, Antigua",2026-08-23,2026-08-23T23:00:00,"['Antigua and Barbuda Falcons', 'Guyana Amazon Warriors']","[{'name': 'Antigua and Barbuda Falcons', 'shortname': 'ABF', 'img': 'https://h.cricapi.com/img/icon512.png'}, {'name': 'Guyana Amazon Warriors', 'shortname': 'GAW', 'img': 'https://g.cricapi.com/iapi/174-637945408285271060.webp?w=48'}]","[{'r': 116, 'w': 10, 'o': 17, 'inning': 'Antigua and Barbuda Falcons Inning 1'}, {'r': 121, 'w': 3, 'o': 9.5, 'inning': 'Guyana Amazon Warriors Inning 1'}]",929c36f6-9ed6-4cec-a2ad-910a2ee4f701,False,False,True,True,True
175,0a2f4fd1-eb88-4e99-a527-71a8a34775a4,"Trichy Grand Cholas vs Vida Kovai Kings, Qualifier 2, Tamil Nadu Premier League 2026",t20,Vida Kovai Kings won by 84 runs,"MA Chidambaram Stadium, Chennai",2026-08-26,2026-08-26T14:00:00,"['Trichy Grand Cholas', 'Vida Kovai Kings']","[{'name': 'Trichy Grand Cholas', 'shortname': 'TGC', 'img': 'https://h.cricapi.com/img/icon512.png'}, {'name': 'Vida Kovai Kings', 'img': 'https://h.cricapi.com/img/icon512.png'}]","[{'r': 183, 'w': 5, 'o': 20, 'inning': 'vida kovai kings Inning 1'}, {'r': 99, 'w': 10, 'o': 15.4, 'inning': 'Trichy Grand Cholas,Vida Kovai Kings Inning 1'}]",6c3c5876-5cfc-4490-9c8e-8ba90aec4323,False,False,True,True,True
176,bb130949-5eaa-46ff-89d5-883839da1e3a,"Vida Kovai Kings vs IDream Tiruppur Tamizhans, Eliminator, Tamil Nadu Premier League 2026",t20,No result due to rain,"MA Chidambaram Stadium, Chennai",2026-08-24,2026-08-24T14:00:00,"['Vida Kovai Kings', 'IDream Tiruppur Tamizhans']","[{'name': 'IDream Tiruppur Tamizhans', 'shortname': 'ITT', 'img': 'https://g.cricapi.com/iapi/181-637945148142038694.webp?w=48'}, {'name': 'Vida Kovai Kings', 'img': 'https://h.cricapi.com/img/icon512.png'}]","[{'r': 15, 'w': 0, 'o': 3, 'inning': 'IDream Tiruppur Tamizhans Inning 1'}]",6c3c5876-5cfc-4490-9c8e-8ba90aec4323,False,False,True,True,True
177,7d79a71a-0bd5-41eb-8920-6eae1081ba7e,"Madurai Panthers vs Trichy Grand Cholas, Qualifier 1, Tamil Nadu Premier League 2026",t20,No result due to rain - Madurai Panthers opt to bowl,"MA Chidambaram Stadium, Chennai",2026-08-23,2026-08-23T14:00:00,"['Madurai Panthers', 'Trichy Grand Cholas']","[{'name': 'Madurai Panthers', 'shortname': 'MP', 'img': 'https://g.cricapi.com/iapi/217-637940203723122310.webp?w=48'}, {'name': 'Trichy Grand Cholas', 'shortname': 'TGC', 'img': 'https://h.cricapi.com/img/icon512.png'}]","[{'r': 50, 'w': 1, 'o': 4.5, 'inning': 'Trichy Grand Cholas Inning 1'}]",6c3c5876-5cfc-4490-9c8e-8ba90aec4323,False,False,True,True,True
178,2b5a029a-aa13-4d1b-9bbe-cb6446ee7e9b,"Durham vs Gloucestershire, 40th Match, County Championship Division Two 2026",test,Day 1: 1st Session - Durham opt to bowl,"Riverside Ground, Chester-le-Street",2026-08-27,2026-08-27T10:00:00,"['Durham', 'Gloucestershire']","[{'name': 'Durham', 'shortname': 'DURH', 'img': 'https://g.cricapi.com/iapi/1118-637889090599643548.webp?w=48'}, {'name': 'Gloucestershire', 'shortname': 'GLOU', 'img': 'https://g.cricapi.com/iapi/1121-637885550747990018.webp?w=48'}]","[{'r': 89, 'w': 5, 'o': 27, 'inning': 'Gloucestershire Inning 1'}]",dfe730c5-873d-44ce-955c-00d82716749b,False,False,True,True,False
179,80b734be-dda7-4fbf-bd08-f00321aeb492,"Yorkshire vs Leicestershire, 48th Match, County Championship Division One 2026",test,Day 1: 1st Session - Leicestershire opt to bowl,"North Marine Road Ground, Scarborough",2026-08-27,2026-08-27T10:00:00,"['Yorkshire', 'Leicestershire']","[{'name': 'Leicestershire', 'shortname': 'LECS', 'img': 'https://g.cricapi.com/iapi/1126-637889090878436462.webp?w=48'}, {'name': 'Yorkshire', 'shortname': 'YRK', 'img': 'https://g.cricapi.com/iapi/1139-637885552795894277.webp?w=48'}]","[{'r': 75, 'w': 2, 'o': 23.3, 'inning': 'Yorkshire Inning 1'}]",fc9cfc65-4ff6-47c4-baa2-05cc39830e5a,False,False,True,True,False
180,72c97402-850a-40a1-93d7-d0466af31471,"Glamorgan vs Hampshire, 49th Match, County Championship Division One 2026",test,Day 1: 1st Session - Glamorgan opt to bowl,"Sophia Gardens, Cardiff",2026-08-27,2026-08-27T10:00:00,"['Glamorgan', 'Hampshire']","[{'name': 'Glamorgan', 'shortname': 'GLAM', 'img': 'https://g.cricapi.com/iapi/1120-637889090390357869.webp?w=48'}, {'name': 'Hampshire', 'shortname': 'HAM', 'img': 'https://g.cricapi.com/iapi/1122-637885550993657486.webp?w=48'}]","[{'r': 85, 'w': 4, 'o': 22.1, 'inning': 'Hampshire Inning 1'}]",fc9cfc65-4ff6-47c4-baa2-05cc39830e5a,False,False,True,True,False
181,3c647e81-d74e-47a3-90fb-e1d3f451d5f6,"Sussex vs Somerset, 50th Match, County Championship Division One 2026",test,Day 1: 1st Session - Sussex opt to bowl,"County Ground, Hove",2026-08-27,2026-08-27T10:00:00,"['Sussex', 'Somerset']","[{'name': 'Somerset', 'shortname': 'SOM', 'img': 'https://g.cricapi.com/iapi/1131-637885552070524344.webp?w=48'}, {'name': 'Sussex', 'shortname': 'SUSS', 'img': 'https://g.cricapi.com/iapi/1134-637889091814592518.webp?w=48'}]","[{'r': 92, 'w': 4, 'o': 28.2, 'inning': 'Somerset Inning 1'}]",fc9cfc65-4ff6-47c4-baa2-05cc39830e5a,False,False,True,True,False
182,cc1c57c0-7ecf-4556-8465-47bbac896427,"England vs Pakistan, 2nd Test, Pakistan tour of England 2026",test,Day 1: 1st Session - Pakistan opt to bowl,"Lord's, London",2026-08-27,2026-08-27T10:00:00,"['England', 'Pakistan']","[{'name': 'England', 'shortname': 'ENG', 'img': 'https://g.cricapi.com/iapi/23-637877072894080569.webp?w=48'}, {'name': 'Pakistan', 'shortname': 'PAK', 'img': 'https://g.cricapi.com/iapi/66-637877075103236690.webp?w=48'}]","[{'r': 78, 'w': 4, 'o': 17.2, 'inning': 'England Inning 1'}]",4f8f04e8-8c11-402d-9bc3-48c09603d9d8,False,False,True,True,False
183,d7ad6f40-5f17-4a8e-8552-044453e33b43,"Luxembourg Women vs Belgium Women, 4th T20I, Belgium Women tour of Luxembourg, 2026",t20,Luxembourg Women won by 47 runs,"Pierre Werner Cricket Ground, Walferdange",2026-08-23,2026-08-23T13:30:00,"['Luxembourg Women', 'Belgium Women']","[{'name': 'Belgium Women', 'shortname': 'BW', 'img': 'https://h.cricapi.com/img/icon512.png'}, {'name': 'Luxembourg Women', 'shortname': 'LW', 'img': 'https://g.cricapi.com/iapi/623-637869397000752571.webp?w=48'}]","[{'r': 194, 'w': 0, 'o': 20, 'inning': 'Luxembourg Women Inning 1'}, {'r': 147, 'w': 8, 'o': 20, 'inning': 'Belgium Women Inning 1'}]",2959c81f-9df4-41f8-b9d7-f316975d9677,False,False,False,True,True
184,67c75be2-2cbe-4d4a-9b42-a71277bceab6,"Luxembourg Women vs Belgium Women, 3rd T20I, Belgium Women tour of Luxembourg, 2026",t20,Luxembourg Women won by 4 wkts,"Pierre Werner Cricket Ground, Walferdange",2026-08-23,2026-08-23T08:30:00,"['Luxembourg Women', 'Belgium Women']","[{'name': 'Belgium Women', 'shortname': 'BW', 'img': 'https://h.cricapi.com/img/icon512.png'}, {'name': 'Luxembourg Women', 'shortname': 'LW', 'img': 'https://g.cricapi.com/iapi/623-637869397000752571.webp?w=48'}]","[{'r': 121, 'w': 7, 'o': 20, 'inning': 'Belgium Women Inning 1'}, {'r': 122, 'w': 6, 'o': 18.4, 'inning': 'Luxembourg Women Inning 1'}]",2959c81f-9df4-41f8-b9d7-f316975d9677,False,False,False,True,True
185,1fa3bd8a-4bac-4ebb-b022-aba8281467e3,"Tanzania Women vs Uganda Women, 12th Match, Womens T20I Quadrangular Series in Namibia 2026",t20,Tanzania Women awarded the match (opposition refused to play),"Namibia Cricket Ground, Windhoek",2026-07-28,2026-07-28T12:00:00,"['Tanzania Women', 'Uganda Women']","[{'name': 'Tanzania Women', 'shortname': 'TAN-W', 'img': 'https://g.cricapi.com/iapi/3614-638101761273860958.webp?w=48'}, {'name': 'Uganda Women', 'shortname': 'UGAW', 'img': 'https://g.cricapi.com/iapi/1135-637877086844153505.webp?w=48'}]","[{'r': 116, 'w': 2, 'o': 16.4, 'inning': 'Uganda Women Inning 1'}]",3014a459-6e69-4f64-86eb-2f30a2cdbd0b,True,False,False,True,False
186,d13e1f53-6487-4b61-8b28-84c9833b3e42,"Trinbago Knight Riders vs Saint Lucia Kings, 17th Match, Caribbean Premier League 2026",t20,Saint Lucia Kings won by 36 runs,"Brian Lara Stadium, Tarouba, Trinidad",2026-08-26,2026-08-26T23:00:00,"['Trinbago Knight Riders', 'Saint Lucia Kings']","[{'name': 'Saint Lucia Kings', 'shortname': 'SLK', 'img': 'https://g.cricapi.com/iapi/266-637937643184202597.webp?w=48'}, {'name': 'Trinbago Knight Riders', 'shortname': 'TKR', 'img': 'https://g.cricapi.com/iapi/293-637932465560269082.png?w=48'}]","[{'r': 211, 'w': 4, 'o': 20, 'inning': 'Saint Lucia Kings Inning 1'}, {'r': 175, 'w': 6, 'o': 20, 'inning': 'Trinbago Knight Riders Inning 1'}]",929c36f6-9ed6-4cec-a2ad-910a2ee4f701,False,False,True,True,True
187,d9c33252-aad4-46a8-bc6d-ca87211717a5,"Antigua and Barbuda Falcons vs Barbados Tridents, 16th Match, Caribbean Premier League 2026",t20,Antigua and Barbuda Falcons won by 30 runs,"Sir Vivian Richards Stadium, North Sound, Antigua",2026-08-25,2026-08-25T23:00:00,"['Antigua and Barbuda Falcons', 'Barbados Tridents']","[{'name': 'Antigua and Barbuda Falcons', 'shortname': 'ABF', 'img': 'https://h.cricapi.com/img/icon512.png'}, {'name': 'Barbados Tridents', 'img': 'https://h.cricapi.com/img/icon512.png'}]","[{'r': 155, 'w': 5, 'o': 20, 'inning': 'Barbados Tridents Inning 1'}, {'r': 125, 'w': 10, 'o': 18, 'inning': 'Antigua and Barbuda Falcons Inning 1'}]",929c36f6-9ed6-4cec-a2ad-910a2ee4f701,False,False,True,True,True
188,82fc5df7-fe9f-4970-972f-993a0c251c14,"Antigua and Barbuda Falcons vs Guyana Amazon Warriors, 15th Match, Caribbean Premier League 2026",t20,Guyana Amazon Warriors won by 7 wkts,"Sir Vivian Richards Stadium, North Sound, Antigua",2026-08-23,2026-08-23T23:00:00,"['Antigua and Barbuda Falcons', 'Guyana Amazon Warriors']","[{'name': 'Antigua and Barbuda Falcons', 'shortname': 'ABF', 'img': 'https://h.cricapi.com/img/icon512.png'}, {'name': 'Guyana Amazon Warriors', 'shortname': 'GAW', 'img': 'https://g.cricapi.com/iapi/174-637945408285271060.webp?w=48'}]","[{'r': 116, 'w': 10, 'o': 17, 'inning': 'Antigua and Barbuda Falcons Inning 1'}, {'r': 121, 'w': 3, 'o': 9.5, 'inning': 'Guyana Amazon Warriors Inning 1'}]",929c36f6-9ed6-4cec-a2ad-910a2ee4f701,False,False,True,True,True
189,0a2f4fd1-eb88-4e99-a527-71a8a34775a4,"Trichy Grand Cholas vs Vida Kovai Kings, Qualifier 2, Tamil Nadu Premier League 2026",t20,Vida Kovai Kings won by 84 runs,"MA Chidambaram Stadium, Chennai",2026-08-26,2026-08-26T14:00:00,"['Trichy Grand Cholas', 'Vida Kovai Kings']","[{'name': 'Trichy Grand Cholas', 'shortname': 'TGC', 'img': 'https://h.cricapi.com/img/icon512.png'}, {'name': 'Vida Kovai Kings', 'img': 'https://h.cricapi.com/img/icon512.png'}]","[{'r': 183, 'w': 5, 'o': 20, 'inning': 'vida kovai kings Inning 1'}, {'r': 99, 'w': 10, 'o': 15.4, 'inning': 'Trichy Grand Cholas,Vida Kovai Kings Inning 1'}]",6c3c5876-5cfc-4490-9c8e-8ba90aec4323,False,False,True,True,True
190,bb130949-5eaa-46ff-89d5-883839da1e3a,"Vida Kovai Kings vs IDream Tiruppur Tamizhans, Eliminator, Tamil Nadu Premier League 2026",t20,No result due to rain,"MA Chidambaram Stadium, Chennai",2026-08-24,2026-08-24T14:00:00,"['Vida Kovai Kings', 'IDream Tiruppur Tamizhans']","[{'name': 'IDream Tiruppur Tamizhans', 'shortname': 'ITT', 'img': 'https://g.cricapi.com/iapi/181-637945148142038694.webp?w=48'}, {'name': 'Vida Kovai Kings', 'img': 'https://h.cricapi.com/img/icon512.png'}]","[{'r': 15, 'w': 0, 'o': 3, 'inning': 'IDream Tiruppur Tamizhans Inning 1'}]",6c3c5876-5cfc-4490-9c8e-8ba90aec4323,False,False,True,True,True
191,7d79a71a-0bd5-41eb-8920-6eae1081ba7e,"Madurai Panthers vs Trichy Grand Cholas, Qualifier 1, Tamil Nadu Premier League 2026",t20,No result due to rain - Madurai Panthers opt to bowl,"MA Chidambaram Stadium, Chennai",2026-08-23,2026-08-23T14:00:00,"['Madurai Panthers', 'Trichy Grand Cholas']","[{'name': 'Madurai Panthers', 'shortname': 'MP', 'img': 'https://g.cricapi.com/iapi/217-637940203723122310.webp?w=48'}, {'name': 'Trichy Grand Cholas', 'shortname': 'TGC', 'img': 'https://h.cricapi.com/img/icon512.png'}]","[{'r': 50, 'w': 1, 'o': 4.5, 'inning': 'Trichy Grand Cholas Inning 1'}]",6c3c5876-5cfc-4490-9c8e-8ba90aec4323,False,False,True,True,True
192,2b5a029a-aa13-4d1b-9bbe-cb6446ee7e9b,"Durham vs Gloucestershire, 40th Match, County Championship Division Two 2026",test,Day 1: 2nd Session - Durham opt to bowl,"Riverside Ground, Chester-le-Street",2026-08-27,2026-08-27T10:00:00,"['Durham', 'Gloucestershire']","[{'name': 'Durham', 'shortname': 'DURH', 'img': 'https://g.cricapi.com/iapi/1118-637889090599643548.webp?w=48'}, {'name': 'Gloucestershire', 'shortname': 'GLOU', 'img': 'https://g.cricapi.com/iapi/1121-637885550747990018.webp?w=48'}]","[{'r': 106, 'w': 5, 'o': 30, 'inning': 'Gloucestershire Inning 1'}]",dfe730c5-873d-44ce-955c-00d82716749b,False,False,True,True,False
193,cb970852-df8b-48bf-8b2f-7098db5e19d9,"Essex vs Surrey, 47th Match, County Championship Division One 2026",test,Day 1: 2nd Session - Essex opt to bowl,"The Ambassador Cruise Line Ground, Chelmsford",2026-08-27,2026-08-27T10:00:00,"['Essex', 'Surrey']","[{'name': 'Essex', 'shortname': 'ESX', 'img': 'https://g.cricapi.com/iapi/1119-637885549753088458.webp?w=48'}, {'name': 'Surrey', 'shortname': 'SUR', 'img': 'https://g.cricapi.com/iapi/1133-637885552361099530.webp?w=48'}]","[{'r': 16, 'w': 1, 'o': 6, 'inning': 'Surrey Inning 1'}]",fc9cfc65-4ff6-47c4-baa2-05cc39830e5a,False,False,True,True,False
194,80b734be-dda7-4fbf-bd08-f00321aeb492,"Yorkshire vs Leicestershire, 48th Match, County Championship Division One 2026",test,Day 1: 2nd Session - Leicestershire opt to bowl,"North Marine Road Ground, Scarborough",2026-08-27,2026-08-27T10:00:00,"['Yorkshire', 'Leicestershire']","[{'name': 'Leicestershire', 'shortname': 'LECS', 'img': 'https://g.cricapi.com/iapi/1126-637889090878436462.webp?w=48'}, {'name': 'Yorkshire', 'shortname': 'YRK', 'img': 'https://g.cricapi.com/iapi/1139-637885552795894277.webp?w=48'}]","[{'r': 98, 'w': 2, 'o': 32.3, 'inning': 'Yorkshire Inning 1'}]",fc9cfc65-4ff6-47c4-baa2-05cc39830e5a,False,False,True,True,False
195,72c97402-850a-40a1-93d7-d0466af31471,"Glamorgan vs Hampshire, 49th Match, County Championship Division One 2026",test,Day 1: 2nd Session - Glamorgan opt to bowl,"Sophia Gardens, Cardiff",2026-08-27,2026-08-27T10:00:00,"['Glamorgan', 'Hampshire']","[{'name': 'Glamorgan', 'shortname': 'GLAM', 'img': 'https://g.cricapi.com/iapi/1120-637889090390357869.webp?w=48'}, {'name': 'Hampshire', 'shortname': 'HAM', 'img': 'https://g.cricapi.com/iapi/1122-637885550993657486.webp?w=48'}]","[{'r': 107, 'w': 5, 'o': 25.1, 'inning': 'Hampshire Inning 1'}]",fc9cfc65-4ff6-47c4-baa2-05cc39830e5a,False,False,True,True,False
196,3c647e81-d74e-47a3-90fb-e1d3f451d5f6,"Sussex vs Somerset, 50th Match, County Championship Division One 2026",test,Day 1: 2nd Session - Sussex opt to bowl,"County Ground, Hove",2026-08-27,2026-08-27T10:00:00,"['Sussex', 'Somerset']","[{'name': 'Somerset', 'shortname': 'SOM', 'img': 'https://g.cricapi.com/iapi/1131-637885552070524344.webp?w=48'}, {'name': 'Sussex', 'shortname': 'SUSS', 'img': 'https://g.cricapi.com/iapi/1134-637889091814592518.webp?w=48'}]","[{'r': 96, 'w': 5, 'o': 31.3, 'inning': 'Somerset Inning 1'}]",fc9cfc65-4ff6-47c4-baa2-05cc39830e5a,False,False,True,True,False
197,cc1c57c0-7ecf-4556-8465-47bbac896427,"England vs Pakistan, 2nd Test, Pakistan tour of England 2026",test,Day 1: 1st Session - Pakistan opt to bowl,"Lord's, London",2026-08-27,2026-08-27T10:00:00,"['England', 'Pakistan']","[{'name': 'England', 'shortname': 'ENG', 'img': 'https://g.cricapi.com/iapi/23-637877072894080569.webp?w=48'}, {'name': 'Pakistan', 'shortname': 'PAK', 'img': 'https://g.cricapi.com/iapi/66-637877075103236690.webp?w=48'}]","[{'r': 78, 'w': 4, 'o': 17.2, 'inning': 'England Inning 1'}]",4f8f04e8-8c11-402d-9bc3-48c09603d9d8,False,False,True,True,False
198,d7ad6f40-5f17-4a8e-8552-044453e33b43,"Luxembourg Women vs Belgium Women, 4th T20I, Belgium Women tour of Luxembourg, 2026",t20,Luxembourg Women won by 47 runs,"Pierre Werner Cricket Ground, Walferdange",2026-08-23,2026-08-23T13:30:00,"['Luxembourg Women', 'Belgium Women']","[{'name': 'Belgium Women', 'shortname': 'BW', 'img': 'https://h.cricapi.com/img/icon512.png'}, {'name': 'Luxembourg Women', 'shortname': 'LW', 'img': 'https://g.cricapi.com/iapi/623-637869397000752571.webp?w=48'}]","[{'r': 194, 'w': 0, 'o': 20, 'inning': 'Luxembourg Women Inning 1'}, {'r': 147, 'w': 8, 'o': 20, 'inning': 'Belgium Women Inning 1'}]",2959c81f-9df4-41f8-b9d7-f316975d9677,False,False,False,True,True
199,67c75be2-2cbe-4d4a-9b42-a71277bceab6,"Luxembourg Women vs Belgium Women, 3rd T20I, Belgium Women tour of Luxembourg, 2026",t20,Luxembourg Women won by 4 wkts,"Pierre Werner Cricket Ground, Walferdange",2026-08-23,2026-08-23T08:30:00,"['Luxembourg Women', 'Belgium Women']","[{'name': 'Belgium Women', 'shortname': 'BW', 'img': 'https://h.cricapi.com/img/icon512.png'}, {'name': 'Luxembourg Women', 'shortname': 'LW', 'img': 'https://g.cricapi.com/iapi/623-637869397000752571.webp?w=48'}]","[{'r': 121, 'w': 7, 'o': 20, 'inning': 'Belgium Women Inning 1'}, {'r': 122, 'w': 6, 'o': 18.4, 'inning': 'Luxembourg Women Inning 1'}]",2959c81f-9df4-41f8-b9d7-f316975d9677,False,False,False,True,True
200,1fa3bd8a-4bac-4ebb-b022-aba8281467e3,"Tanzania Women vs Uganda Women, 12th Match, Womens T20I Quadrangular Series in Namibia 2026",t20,Tanzania Women awarded the match (opposition refused to play),"Namibia Cricket Ground, Windhoek",2026-07-28,2026-07-28T12:00:00,"['Tanzania Women', 'Uganda Women']","[{'name': 'Tanzania Women', 'shortname': 'TAN-W', 'img': 'https://g.cricapi.com/iapi/3614-638101761273860958.webp?w=48'}, {'name': 'Uganda Women', 'shortname': 'UGAW', 'img': 'https://g.cricapi.com/iapi/1135-637877086844153505.webp?w=48'}]","[{'r': 116, 'w': 2, 'o': 16.4, 'inning': 'Uganda Women Inning 1'}]",3014a459-6e69-4f64-86eb-2f30a2cdbd0b,True,False,False,True,False
201,d13e1f53-6487-4b61-8b28-84c9833b3e42,"Trinbago Knight Riders vs Saint Lucia Kings, 17th Match, Caribbean Premier League 2026",t20,Saint Lucia Kings won by 36 runs,"Brian Lara Stadium, Tarouba, Trinidad",2026-08-26,2026-08-26T23:00:00,"['Trinbago Knight Riders', 'Saint Lucia Kings']","[{'name': 'Saint Lucia Kings', 'shortname': 'SLK', 'img': 'https://g.cricapi.com/iapi/266-637937643184202597.webp?w=48'}, {'name': 'Trinbago Knight Riders', 'shortname': 'TKR', 'img': 'https://g.cricapi.com/iapi/293-637932465560269082.png?w=48'}]","[{'r': 211, 'w': 4, 'o': 20, 'inning': 'Saint Lucia Kings Inning 1'}, {'r': 175, 'w': 6, 'o': 20, 'inning': 'Trinbago Knight Riders Inning 1'}]",929c36f6-9ed6-4cec-a2ad-910a2ee4f701,False,False,True,True,True
202,d9c33252-aad4-46a8-bc6d-ca87211717a5,"Antigua and Barbuda Falcons vs Barbados Tridents, 16th Match, Caribbean Premier League 2026",t20,Antigua and Barbuda Falcons won by 30 runs,"Sir Vivian Richards Stadium, North Sound, Antigua",2026-08-25,2026-08-25T23:00:00,"['Antigua and Barbuda Falcons', 'Barbados Tridents']","[{'name': 'Antigua and Barbuda Falcons', 'shortname': 'ABF', 'img': 'https://h.cricapi.com/img/icon512.png'}, {'name': 'Barbados Tridents', 'img': 'https://h.cricapi.com/img/icon512.png'}]","[{'r': 155, 'w': 5, 'o': 20, 'inning': 'Barbados Tridents Inning 1'}, {'r': 125, 'w': 10, 'o': 18, 'inning': 'Antigua and Barbuda Falcons Inning 1'}]",929c36f6-9ed6-4cec-a2ad-910a2ee4f701,False,False,True,True,True
203,82fc5df7-fe9f-4970-972f-993a0c251c14,"Antigua and Barbuda Falcons vs Guyana Amazon Warriors, 15th Match, Caribbean Premier League 2026",t20,Guyana Amazon Warriors won by 7 wkts,"Sir Vivian Richards Stadium, North Sound, Antigua",2026-08-23,2026-08-23T23:00:00,"['Antigua and Barbuda Falcons', 'Guyana Amazon Warriors']","[{'name': 'Antigua and Barbuda Falcons', 'shortname': 'ABF', 'img': 'https://h.cricapi.com/img/icon512.png'}, {'name': 'Guyana Amazon Warriors', 'shortname': 'GAW', 'img': 'https://g.cricapi.com/iapi/174-637945408285271060.webp?w=48'}]","[{'r': 116, 'w': 10, 'o': 17, 'inning': 'Antigua and Barbuda Falcons Inning 1'}, {'r': 121, 'w': 3, 'o': 9.5, 'inning': 'Guyana Amazon Warriors Inning 1'}]",929c36f6-9ed6-4cec-a2ad-910a2ee4f701,False,False,True,True,True
204,0a2f4fd1-eb88-4e99-a527-71a8a34775a4,"Trichy Grand Cholas vs Vida Kovai Kings, Qualifier 2, Tamil Nadu Premier League 2026",t20,Vida Kovai Kings won by 84 runs,"MA Chidambaram Stadium, Chennai",2026-08-26,2026-08-26T14:00:00,"['Trichy Grand Cholas', 'Vida Kovai Kings']","[{'name': 'Trichy Grand Cholas', 'shortname': 'TGC', 'img': 'https://h.cricapi.com/img/icon512.png'}, {'name': 'Vida Kovai Kings', 'img': 'https://h.cricapi.com/img/icon512.png'}]","[{'r': 183, 'w': 5, 'o': 20, 'inning': 'vida kovai kings Inning 1'}, {'r': 99, 'w': 10, 'o': 15.4, 'inning': 'Trichy Grand Cholas,Vida Kovai Kings Inning 1'}]",6c3c5876-5cfc-4490-9c8e-8ba90aec4323,False,False,True,True,True
205,bb130949-5eaa-46ff-89d5-883839da1e3a,"Vida Kovai Kings vs IDream Tiruppur Tamizhans, Eliminator, Tamil Nadu Premier League 2026",t20,No result due to rain,"MA Chidambaram Stadium, Chennai",2026-08-24,2026-08-24T14:00:00,"['Vida Kovai Kings', 'IDream Tiruppur Tamizhans']","[{'name': 'IDream Tiruppur Tamizhans', 'shortname': 'ITT', 'img': 'https://g.cricapi.com/iapi/181-637945148142038694.webp?w=48'}, {'name': 'Vida Kovai Kings', 'img': 'https://h.cricapi.com/img/icon512.png'}]","[{'r': 15, 'w': 0, 'o': 3, 'inning': 'IDream Tiruppur Tamizhans Inning 1'}]",6c3c5876-5cfc-4490-9c8e-8ba90aec4323,False,False,True,True,True
206,7d79a71a-0bd5-41eb-8920-6eae1081ba7e,"Madurai Panthers vs Trichy Grand Cholas, Qualifier 1, Tamil Nadu Premier League 2026",t20,No result due to rain - Madurai Panthers opt to bowl,"MA Chidambaram Stadium, Chennai",2026-08-23,2026-08-23T14:00:00,"['Madurai Panthers', 'Trichy Grand Cholas']","[{'name': 'Madurai Panthers', 'shortname': 'MP', 'img': 'https://g.cricapi.com/iapi/217-637940203723122310.webp?w=48'}, {'name': 'Trichy Grand Cholas', 'shortname': 'TGC', 'img': 'https://h.cricapi.com/img/icon512.png'}]","[{'r': 50, 'w': 1, 'o': 4.5, 'inning': 'Trichy Grand Cholas Inning 1'}]",6c3c5876-5cfc-4490-9c8e-8ba90aec4323,False,False,True,True,True
207,2b5a029a-aa13-4d1b-9bbe-cb6446ee7e9b,"Durham vs Gloucestershire, 40th Match, County Championship Division Two 2026",test,Day 1: 2nd Session - Durham opt to bowl,"Riverside Ground, Chester-le-Street",2026-08-27,2026-08-27T10:00:00,"['Durham', 'Gloucestershire']","[{'name': 'Durham', 'shortname': 'DURH', 'img': 'https://g.cricapi.com/iapi/1118-637889090599643548.webp?w=48'}, {'name': 'Gloucestershire', 'shortname': 'GLOU', 'img': 'https://g.cricapi.com/iapi/1121-637885550747990018.webp?w=48'}]","[{'r': 106, 'w': 5, 'o': 30, 'inning': 'Gloucestershire Inning 1'}]",dfe730c5-873d-44ce-955c-00d82716749b,False,False,True,True,False
208,cb970852-df8b-48bf-8b2f-7098db5e19d9,"Essex vs Surrey, 47th Match, County Championship Division One 2026",test,Day 1: 2nd Session - Essex opt to bowl,"The Ambassador Cruise Line Ground, Chelmsford",2026-08-27,2026-08-27T10:00:00,"['Essex', 'Surrey']","[{'name': 'Essex', 'shortname': 'ESX', 'img': 'https://g.cricapi.com/iapi/1119-637885549753088458.webp?w=48'}, {'name': 'Surrey', 'shortname': 'SUR', 'img': 'https://g.cricapi.com/iapi/1133-637885552361099530.webp?w=48'}]","[{'r': 16, 'w': 1, 'o': 6, 'inning': 'Surrey Inning 1'}]",fc9cfc65-4ff6-47c4-baa2-05cc39830e5a,False,False,True,True,False
209,80b734be-dda7-4fbf-bd08-f00321aeb492,"Yorkshire vs Leicestershire, 48th Match, County Championship Division One 2026",test,Day 1: 2nd Session - Leicestershire opt to bowl,"North Marine Road Ground, Scarborough",2026-08-27,2026-08-27T10:00:00,"['Yorkshire', 'Leicestershire']","[{'name': 'Leicestershire', 'shortname': 'LECS', 'img': 'https://g.cricapi.com/iapi/1126-637889090878436462.webp?w=48'}, {'name': 'Yorkshire', 'shortname': 'YRK', 'img': 'https://g.cricapi.com/iapi/1139-637885552795894277.webp?w=48'}]","[{'r': 98, 'w': 2, 'o': 32.3, 'inning': 'Yorkshire Inning 1'}]",fc9cfc65-4ff6-47c4-baa2-05cc39830e5a,False,False,True,True,False
210,72c97402-850a-40a1-93d7-d0466af31471,"Glamorgan vs Hampshire, 49th Match, County Championship Division One 2026",test,Day 1: 2nd Session - Glamorgan opt to bowl,"Sophia Gardens, Cardiff",2026-08-27,2026-08-27T10:00:00,"['Glamorgan', 'Hampshire']","[{'name': 'Glamorgan', 'shortname': 'GLAM', 'img': 'https://g.cricapi.com/iapi/1120-637889090390357869.webp?w=48'}, {'name': 'Hampshire', 'shortname': 'HAM', 'img': 'https://g.cricapi.com/iapi/1122-637885550993657486.webp?w=48'}]","[{'r': 107, 'w': 5, 'o': 25.1, 'inning': 'Hampshire Inning 1'}]",fc9cfc65-4ff6-47c4-baa2-05cc39830e5a,False,False,True,True,False
211,3c647e81-d74e-47a3-90fb-e1d3f451d5f6,"Sussex vs Somerset, 50th Match, County Championship Division One 2026",test,Day 1: 2nd Session - Sussex opt to bowl,"County Ground, Hove",2026-08-27,2026-08-27T10:00:00,"['Sussex', 'Somerset']","[{'name': 'Somerset', 'shortname': 'SOM', 'img': 'https://g.cricapi.com/iapi/1131-637885552070524344.webp?w=48'}, {'name': 'Sussex', 'shortname': 'SUSS', 'img': 'https://g.cricapi.com/iapi/1134-637889091814592518.webp?w=48'}]","[{'r': 96, 'w': 5, 'o': 31.3, 'inning': 'Somerset Inning 1'}]",fc9cfc65-4ff6-47c4-baa2-05cc39830e5a,False,False,True,True,False
212,cc1c57c0-7ecf-4556-8465-47bbac896427,"England vs Pakistan, 2nd Test, Pakistan tour of England 2026",test,Day 1: 1st Session - Pakistan opt to bowl,"Lord's, London",2026-08-27,2026-08-27T10:00:00,"['England', 'Pakistan']","[{'name': 'England', 'shortname': 'ENG', 'img': 'https://g.cricapi.com/iapi/23-637877072894080569.webp?w=48'}, {'name': 'Pakistan', 'shortname': 'PAK', 'img': 'https://g.cricapi.com/iapi/66-637877075103236690.webp?w=48'}]","[{'r': 78, 'w': 4, 'o': 17.2, 'inning': 'England Inning 1'}]",4f8f04e8-8c11-402d-9bc3-48c09603d9d8,False,False,True,True,False
213,d7ad6f40-5f17-4a8e-8552-044453e33b43,"Luxembourg Women vs Belgium Women, 4th T20I, Belgium Women tour of Luxembourg, 2026",t20,Luxembourg Women won by 47 runs,"Pierre Werner Cricket Ground, Walferdange",2026-08-23,2026-08-23T13:30:00,"['Luxembourg Women', 'Belgium Women']","[{'name': 'Belgium Women', 'shortname': 'BW', 'img': 'https://h.cricapi.com/img/icon512.png'}, {'name': 'Luxembourg Women', 'shortname': 'LW', 'img': 'https://g.cricapi.com/iapi/623-637869397000752571.webp?w=48'}]","[{'r': 194, 'w': 0, 'o': 20, 'inning': 'Luxembourg Women Inning 1'}, {'r': 147, 'w': 8, 'o': 20, 'inning': 'Belgium Women Inning 1'}]",2959c81f-9df4-41f8-b9d7-f316975d9677,False,False,False,True,True
214,67c75be2-2cbe-4d4a-9b42-a71277bceab6,"Luxembourg Women vs Belgium Women, 3rd T20I, Belgium Women tour of Luxembourg, 2026",t20,Luxembourg Women won by 4 wkts,"Pierre Werner Cricket Ground, Walferdange",2026-08-23,2026-08-23T08:30:00,"['Luxembourg Women', 'Belgium Women']","[{'name': 'Belgium Women', 'shortname': 'BW', 'img': 'https://h.cricapi.com/img/icon512.png'}, {'name': 'Luxembourg Women', 'shortname': 'LW', 'img': 'https://g.cricapi.com/iapi/623-637869397000752571.webp?w=48'}]","[{'r': 121, 'w': 7, 'o': 20, 'inning': 'Belgium Women Inning 1'}, {'r': 122, 'w': 6, 'o': 18.4, 'inning': 'Luxembourg Women Inning 1'}]",2959c81f-9df4-41f8-b9d7-f316975d9677,False,False,False,True,True
215,1fa3bd8a-4bac-4ebb-b022-aba8281467e3,"Tanzania Women vs Uganda Women, 12th Match, Womens T20I Quadrangular Series in Namibia 2026",t20,Tanzania Women awarded the match (opposition refused to play),"Namibia Cricket Ground, Windhoek",2026-07-28,2026-07-28T12:00:00,"['Tanzania Women', 'Uganda Women']","[{'name': 'Tanzania Women', 'shortname': 'TAN-W', 'img': 'https://g.cricapi.com/iapi/3614-638101761273860958.webp?w=48'}, {'name': 'Uganda Women', 'shortname': 'UGAW', 'img': 'https://g.cricapi.com/iapi/1135-637877086844153505.webp?w=48'}]","[{'r': 116, 'w': 2, 'o': 16.4, 'inning': 'Uganda Women Inning 1'}]",3014a459-6e69-4f64-86eb-2f30a2cdbd0b,True,False,False,True,False
216,d13e1f53-6487-4b61-8b28-84c9833b3e42,"Trinbago Knight Riders vs Saint Lucia Kings, 17th Match, Caribbean Premier League 2026",t20,Saint Lucia Kings won by 36 runs,"Brian Lara Stadium, Tarouba, Trinidad",2026-08-26,2026-08-26T23:00:00,"['Trinbago Knight Riders', 'Saint Lucia Kings']","[{'name': 'Saint Lucia Kings', 'shortname': 'SLK', 'img': 'https://g.cricapi.com/iapi/266-637937643184202597.webp?w=48'}, {'name': 'Trinbago Knight Riders', 'shortname': 'TKR', 'img': 'https://g.cricapi.com/iapi/293-637932465560269082.png?w=48'}]","[{'r': 211, 'w': 4, 'o': 20, 'inning': 'Saint Lucia Kings Inning 1'}, {'r': 175, 'w': 6, 'o': 20, 'inning': 'Trinbago Knight Riders Inning 1'}]",929c36f6-9ed6-4cec-a2ad-910a2ee4f701,False,False,True,True,True
217,d9c33252-aad4-46a8-bc6d-ca87211717a5,"Antigua and Barbuda Falcons vs Barbados Tridents, 16th Match, Caribbean Premier League 2026",t20,Antigua and Barbuda Falcons won by 30 runs,"Sir Vivian Richards Stadium, North Sound, Antigua",2026-08-25,2026-08-25T23:00:00,"['Antigua and Barbuda Falcons', 'Barbados Tridents']","[{'name': 'Antigua and Barbuda Falcons', 'shortname': 'ABF', 'img': 'https://h.cricapi.com/img/icon512.png'}, {'name': 'Barbados Tridents', 'img': 'https://h.cricapi.com/img/icon512.png'}]","[{'r': 155, 'w': 5, 'o': 20, 'inning': 'Barbados Tridents Inning 1'}, {'r': 125, 'w': 10, 'o': 18, 'inning': 'Antigua and Barbuda Falcons Inning 1'}]",929c36f6-9ed6-4cec-a2ad-910a2ee4f701,False,False,True,True,True
218,82fc5df7-fe9f-4970-972f-993a0c251c14,"Antigua and Barbuda Falcons vs Guyana Amazon Warriors, 15th Match, Caribbean Premier League 2026",t20,Guyana Amazon Warriors won by 7 wkts,"Sir Vivian Richards Stadium, North Sound, Antigua",2026-08-23,2026-08-23T23:00:00,"['Antigua and Barbuda Falcons', 'Guyana Amazon Warriors']","[{'name': 'Antigua and Barbuda Falcons', 'shortname': 'ABF', 'img': 'https://h.cricapi.com/img/icon512.png'}, {'name': 'Guyana Amazon Warriors', 'shortname': 'GAW', 'img': 'https://g.cricapi.com/iapi/174-637945408285271060.webp?w=48'}]","[{'r': 116, 'w': 10, 'o': 17, 'inning': 'Antigua and Barbuda Falcons Inning 1'}, {'r': 121, 'w': 3, 'o': 9.5, 'inning': 'Guyana Amazon Warriors Inning 1'}]",929c36f6-9ed6-4cec-a2ad-910a2ee4f701,False,False,True,True,True
219,0a2f4fd1-eb88-4e99-a527-71a8a34775a4,"Trichy Grand Cholas vs Vida Kovai Kings, Qualifier 2, Tamil Nadu Premier League 2026",t20,Vida Kovai Kings won by 84 runs,"MA Chidambaram Stadium, Chennai",2026-08-26,2026-08-26T14:00:00,"['Trichy Grand Cholas', 'Vida Kovai Kings']","[{'name': 'Trichy Grand Cholas', 'shortname': 'TGC', 'img': 'https://h.cricapi.com/img/icon512.png'}, {'name': 'Vida Kovai Kings', 'img': 'https://h.cricapi.com/img/icon512.png'}]","[{'r': 183, 'w': 5, 'o': 20, 'inning': 'vida kovai kings Inning 1'}, {'r': 99, 'w': 10, 'o': 15.4, 'inning': 'Trichy Grand Cholas,Vida Kovai Kings Inning 1'}]",6c3c5876-5cfc-4490-9c8e-8ba90aec4323,False,False,True,True,True
220,bb130949-5eaa-46ff-89d5-883839da1e3a,"Vida Kovai Kings vs IDream Tiruppur Tamizhans, Eliminator, Tamil Nadu Premier League 2026",t20,No result due to rain,"MA Chidambaram Stadium, Chennai",2026-08-24,2026-08-24T14:00:00,"['Vida Kovai Kings', 'IDream Tiruppur Tamizhans']","[{'name': 'IDream Tiruppur Tamizhans', 'shortname': 'ITT', 'img': 'https://g.cricapi.com/iapi/181-637945148142038694.webp?w=48'}, {'name': 'Vida Kovai Kings', 'img': 'https://h.cricapi.com/img/icon512.png'}]","[{'r': 15, 'w': 0, 'o': 3, 'inning': 'IDream Tiruppur Tamizhans Inning 1'}]",6c3c5876-5cfc-4490-9c8e-8ba90aec4323,False,False,True,True,True
221,7d79a71a-0bd5-41eb-8920-6eae1081ba7e,"Madurai Panthers vs Trichy Grand Cholas, Qualifier 1, Tamil Nadu Premier League 2026",t20,No result due to rain - Madurai Panthers opt to bowl,"MA Chidambaram Stadium, Chennai",2026-08-23,2026-08-23T14:00:00,"['Madurai Panthers', 'Trichy Grand Cholas']","[{'name': 'Madurai Panthers', 'shortname': 'MP', 'img': 'https://g.cricapi.com/iapi/217-637940203723122310.webp?w=48'}, {'name': 'Trichy Grand Cholas', 'shortname': 'TGC', 'img': 'https://h.cricapi.com/img/icon512.png'}]","[{'r': 50, 'w': 1, 'o': 4.5, 'inning': 'Trichy Grand Cholas Inning 1'}]",6c3c5876-5cfc-4490-9c8e-8ba90aec4323,False,False,True,True,True
222,2b5a029a-aa13-4d1b-9bbe-cb6446ee7e9b,"Durham vs Gloucestershire, 40th Match, County Championship Division Two 2026",test,Day 1: 2nd Session - Durham opt to bowl,"Riverside Ground, Chester-le-Street",2026-08-27,2026-08-27T10:00:00,"['Durham', 'Gloucestershire']","[{'name': 'Durham', 'shortname': 'DURH', 'img': 'https://g.cricapi.com/iapi/1118-637889090599643548.webp?w=48'}, {'name': 'Gloucestershire', 'shortname': 'GLOU', 'img': 'https://g.cricapi.com/iapi/1121-637885550747990018.webp?w=48'}]","[{'r': 106, 'w': 5, 'o': 30, 'inning': 'Gloucestershire Inning 1'}]",dfe730c5-873d-44ce-955c-00d82716749b,False,False,True,True,False
223,cb970852-df8b-48bf-8b2f-7098db5e19d9,"Essex vs Surrey, 47th Match, County Championship Division One 2026",test,Day 1: 2nd Session - Essex opt to bowl,"The Ambassador Cruise Line Ground, Chelmsford",2026-08-27,2026-08-27T10:00:00,"['Essex', 'Surrey']","[{'name': 'Essex', 'shortname': 'ESX', 'img': 'https://g.cricapi.com/iapi/1119-637885549753088458.webp?w=48'}, {'name': 'Surrey', 'shortname': 'SUR', 'img': 'https://g.cricapi.com/iapi/1133-637885552361099530.webp?w=48'}]","[{'r': 16, 'w': 1, 'o': 6, 'inning': 'Surrey Inning 1'}]",fc9cfc65-4ff6-47c4-baa2-05cc39830e5a,False,False,True,True,False
224,80b734be-dda7-4fbf-bd08-f00321aeb492,"Yorkshire vs Leicestershire, 48th Match, County Championship Division One 2026",test,Day 1: 2nd Session - Leicestershire opt to bowl,"North Marine Road Ground, Scarborough",2026-08-27,2026-08-27T10:00:00,"['Yorkshire', 'Leicestershire']","[{'name': 'Leicestershire', 'shortname': 'LECS', 'img': 'https://g.cricapi.com/iapi/1126-637889090878436462.webp?w=48'}, {'name': 'Yorkshire', 'shortname': 'YRK', 'img': 'https://g.cricapi.com/iapi/1139-637885552795894277.webp?w=48'}]","[{'r': 98, 'w': 2, 'o': 32.3, 'inning': 'Yorkshire Inning 1'}]",fc9cfc65-4ff6-47c4-baa2-05cc39830e5a,False,False,True,True,False
225,72c97402-850a-40a1-93d7-d0466af31471,"Glamorgan vs Hampshire, 49th Match, County Championship Division One 2026",test,Day 1: 2nd Session - Glamorgan opt to bowl,"Sophia Gardens, Cardiff",2026-08-27,2026-08-27T10:00:00,"['Glamorgan', 'Hampshire']","[{'name': 'Glamorgan', 'shortname': 'GLAM', 'img': 'https://g.cricapi.com/iapi/1120-637889090390357869.webp?w=48'}, {'name': 'Hampshire', 'shortname': 'HAM', 'img': 'https://g.cricapi.com/iapi/1122-637885550993657486.webp?w=48'}]","[{'r': 107, 'w': 5, 'o': 25.1, 'inning': 'Hampshire Inning 1'}]",fc9cfc65-4ff6-47c4-baa2-05cc39830e5a,False,False,True,True,False
226,3c647e81-d74e-47a3-90fb-e1d3f451d5f6,"Sussex vs Somerset, 50th Match, County Championship Division One 2026",test,Day 1: 2nd Session - Sussex opt to bowl,"County Ground, Hove",2026-08-27,2026-08-27T10:00:00,"['Sussex', 'Somerset']","[{'name': 'Somerset', 'shortname': 'SOM', 'img': 'https://g.cricapi.com/iapi/1131-637885552070524344.webp?w=48'}, {'name': 'Sussex', 'shortname': 'SUSS', 'img': 'https://g.cricapi.com/iapi/1134-637889091814592518.webp?w=48'}]","[{'r': 96, 'w': 5, 'o': 31.3, 'inning': 'Somerset Inning 1'}]",fc9cfc65-4ff6-47c4-baa2-05cc39830e5a,False,False,True,True,False
227,cc1c57c0-7ecf-4556-8465-47bbac896427,"England vs Pakistan, 2nd Test, Pakistan tour of England 2026",test,Day 1: 1st Session - Pakistan opt to bowl,"Lord's, London",2026-08-27,2026-08-27T10:00:00,"['England', 'Pakistan']","[{'name': 'England', 'shortname': 'ENG', 'img': 'https://g.cricapi.com/iapi/23-637877072894080569.webp?w=48'}, {'name': 'Pakistan', 'shortname': 'PAK', 'img': 'https://g.cricapi.com/iapi/66-637877075103236690.webp?w=48'}]","[{'r': 78, 'w': 4, 'o': 17.2, 'inning': 'England Inning 1'}]",4f8f04e8-8c11-402d-9bc3-48c09603d9d8,False,False,True,True,False
228,d7ad6f40-5f17-4a8e-8552-044453e33b43,"Luxembourg Women vs Belgium Women, 4th T20I, Belgium Women tour of Luxembourg, 2026",t20,Luxembourg Women won by 47 runs,"Pierre Werner Cricket Ground, Walferdange",2026-08-23,2026-08-23T13:30:00,"['Luxembourg Women', 'Belgium Women']","[{'name': 'Belgium Women', 'shortname': 'BW', 'img': 'https://h.cricapi.com/img/icon512.png'}, {'name': 'Luxembourg Women', 'shortname': 'LW', 'img': 'https://g.cricapi.com/iapi/623-637869397000752571.webp?w=48'}]","[{'r': 194, 'w': 0, 'o': 20, 'inning': 'Luxembourg Women Inning 1'}, {'r': 147, 'w': 8, 'o': 20, 'inning': 'Belgium Women Inning 1'}]",2959c81f-9df4-41f8-b9d7-f316975d9677,False,False,False,True,True
229,67c75be2-2cbe-4d4a-9b42-a71277bceab6,"Luxembourg Women vs Belgium Women, 3rd T20I, Belgium Women tour of Luxembourg, 2026",t20,Luxembourg Women won by 4 wkts,"Pierre Werner Cricket Ground, Walferdange",2026-08-23,2026-08-23T08:30:00,"['Luxembourg Women', 'Belgium Women']","[{'name': 'Belgium Women', 'shortname': 'BW', 'img': 'https://h.cricapi.com/img/icon512.png'}, {'name': 'Luxembourg Women', 'shortname': 'LW', 'img': 'https://g.cricapi.com/iapi/623-637869397000752571.webp?w=48'}]","[{'r': 121, 'w': 7, 'o': 20, 'inning': 'Belgium Women Inning 1'}, {'r': 122, 'w': 6, 'o': 18.4, 'inning': 'Luxembourg Women Inning 1'}]",2959c81f-9df4-41f8-b9d7-f316975d9677,False,False,False,True,True
230,1fa3bd8a-4bac-4ebb-b022-aba8281467e3,"Tanzania Women vs Uganda Women, 12th Match, Womens T20I Quadrangular Series in Namibia 2026",t20,Tanzania Women awarded the match (opposition refused to play),"Namibia Cricket Ground, Windhoek",2026-07-28,2026-07-28T12:00:00,"['Tanzania Women', 'Uganda Women']","[{'name': 'Tanzania Women', 'shortname': 'TAN-W', 'img': 'https://g.cricapi.com/iapi/3614-638101761273860958.webp?w=48'}, {'name': 'Uganda Women', 'shortname': 'UGAW', 'img': 'https://g.cricapi.com/iapi/1135-637877086844153505.webp?w=48'}]","[{'r': 116, 'w': 2, 'o': 16.4, 'inning': 'Uganda Women Inning 1'}]",3014a459-6e69-4f64-86eb-2f30a2cdbd0b,True,False,False,True,False
231,d13e1f53-6487-4b61-8b28-84c9833b3e42,"Trinbago Knight Riders vs Saint Lucia Kings, 17th Match, Caribbean Premier League 2026",t20,Saint Lucia Kings won by 36 runs,"Brian Lara Stadium, Tarouba, Trinidad",2026-08-26,2026-08-26T23:00:00,"['Trinbago Knight Riders', 'Saint Lucia Kings']","[{'name': 'Saint Lucia Kings', 'shortname': 'SLK', 'img': 'https://g.cricapi.com/iapi/266-637937643184202597.webp?w=48'}, {'name': 'Trinbago Knight Riders', 'shortname': 'TKR', 'img': 'https://g.cricapi.com/iapi/293-637932465560269082.png?w=48'}]","[{'r': 211, 'w': 4, 'o': 20, 'inning': 'Saint Lucia Kings Inning 1'}, {'r': 175, 'w': 6, 'o': 20, 'inning': 'Trinbago Knight Riders Inning 1'}]",929c36f6-9ed6-4cec-a2ad-910a2ee4f701,False,False,True,True,True
232,d9c33252-aad4-46a8-bc6d-ca87211717a5,"Antigua and Barbuda Falcons vs Barbados Tridents, 16th Match, Caribbean Premier League 2026",t20,Antigua and Barbuda Falcons won by 30 runs,"Sir Vivian Richards Stadium, North Sound, Antigua",2026-08-25,2026-08-25T23:00:00,"['Antigua and Barbuda Falcons', 'Barbados Tridents']","[{'name': 'Antigua and Barbuda Falcons', 'shortname': 'ABF', 'img': 'https://h.cricapi.com/img/icon512.png'}, {'name': 'Barbados Tridents', 'img': 'https://h.cricapi.com/img/icon512.png'}]","[{'r': 155, 'w': 5, 'o': 20, 'inning': 'Barbados Tridents Inning 1'}, {'r': 125, 'w': 10, 'o': 18, 'inning': 'Antigua and Barbuda Falcons Inning 1'}]",929c36f6-9ed6-4cec-a2ad-910a2ee4f701,False,False,True,True,True
233,82fc5df7-fe9f-4970-972f-993a0c251c14,"Antigua and Barbuda Falcons vs Guyana Amazon Warriors, 15th Match, Caribbean Premier League 2026",t20,Guyana Amazon Warriors won by 7 wkts,"Sir Vivian Richards Stadium, North Sound, Antigua",2026-08-23,2026-08-23T23:00:00,"['Antigua and Barbuda Falcons', 'Guyana Amazon Warriors']","[{'name': 'Antigua and Barbuda Falcons', 'shortname': 'ABF', 'img': 'https://h.cricapi.com/img/icon512.png'}, {'name': 'Guyana Amazon Warriors', 'shortname': 'GAW', 'img': 'https://g.cricapi.com/iapi/174-637945408285271060.webp?w=48'}]","[{'r': 116, 'w': 10, 'o': 17, 'inning': 'Antigua and Barbuda Falcons Inning 1'}, {'r': 121, 'w': 3, 'o': 9.5, 'inning': 'Guyana Amazon Warriors Inning 1'}]",929c36f6-9ed6-4cec-a2ad-910a2ee4f701,False,False,True,True,True
234,0a2f4fd1-eb88-4e99-a527-71a8a34775a4,"Trichy Grand Cholas vs Vida Kovai Kings, Qualifier 2, Tamil Nadu Premier League 2026",t20,Vida Kovai Kings won by 84 runs,"MA Chidambaram Stadium, Chennai",2026-08-26,2026-08-26T14:00:00,"['Trichy Grand Cholas', 'Vida Kovai Kings']","[{'name': 'Trichy Grand Cholas', 'shortname': 'TGC', 'img': 'https://h.cricapi.com/img/icon512.png'}, {'name': 'Vida Kovai Kings', 'img': 'https://h.cricapi.com/img/icon512.png'}]","[{'r': 183, 'w': 5, 'o': 20, 'inning': 'vida kovai kings Inning 1'}, {'r': 99, 'w': 10, 'o': 15.4, 'inning': 'Trichy Grand Cholas,Vida Kovai Kings Inning 1'}]",6c3c5876-5cfc-4490-9c8e-8ba90aec4323,False,False,True,True,True
235,bb130949-5eaa-46ff-89d5-883839da1e3a,"Vida Kovai Kings vs IDream Tiruppur Tamizhans, Eliminator, Tamil Nadu Premier League 2026",t20,No result due to rain,"MA Chidambaram Stadium, Chennai",2026-08-24,2026-08-24T14:00:00,"['Vida Kovai Kings', 'IDream Tiruppur Tamizhans']","[{'name': 'IDream Tiruppur Tamizhans', 'shortname': 'ITT', 'img': 'https://g.cricapi.com/iapi/181-637945148142038694.webp?w=48'}, {'name': 'Vida Kovai Kings', 'img': 'https://h.cricapi.com/img/icon512.png'}]","[{'r': 15, 'w': 0, 'o': 3, 'inning': 'IDream Tiruppur Tamizhans Inning 1'}]",6c3c5876-5cfc-4490-9c8e-8ba90aec4323,False,False,True,True,True
236,7d79a71a-0bd5-41eb-8920-6eae1081ba7e,"Madurai Panthers vs Trichy Grand Cholas, Qualifier 1, Tamil Nadu Premier League 2026",t20,No result due to rain - Madurai Panthers opt to bowl,"MA Chidambaram Stadium, Chennai",2026-08-23,2026-08-23T14:00:00,"['Madurai Panthers', 'Trichy Grand Cholas']","[{'name': 'Madurai Panthers', 'shortname': 'MP', 'img': 'https://g.cricapi.com/iapi/217-637940203723122310.webp?w=48'}, {'name': 'Trichy Grand Cholas', 'shortname': 'TGC', 'img': 'https://h.cricapi.com/img/icon512.png'}]","[{'r': 50, 'w': 1, 'o': 4.5, 'inning': 'Trichy Grand Cholas Inning 1'}]",6c3c5876-5cfc-4490-9c8e-8ba90aec4323,False,False,True,True,True
237,2b5a029a-aa13-4d1b-9bbe-cb6446ee7e9b,"Durham vs Gloucestershire, 40th Match, County Championship Division Two 2026",test,Day 1: 2nd Session - Durham opt to bowl,"Riverside Ground, Chester-le-Street",2026-08-27,2026-08-27T10:00:00,"['Durham', 'Gloucestershire']","[{'name': 'Durham', 'shortname': 'DURH', 'img': 'https://g.cricapi.com/iapi/1118-637889090599643548.webp?w=48'}, {'name': 'Gloucestershire', 'shortname': 'GLOU', 'img': 'https://g.cricapi.com/iapi/1121-637885550747990018.webp?w=48'}]","[{'r': 106, 'w': 5, 'o': 30, 'inning': 'Gloucestershire Inning 1'}]",dfe730c5-873d-44ce-955c-00d82716749b,False,False,True,True,False
238,cb970852-df8b-48bf-8b2f-7098db5e19d9,"Essex vs Surrey, 47th Match, County Championship Division One 2026",test,Day 1: 2nd Session - Essex opt to bowl,"The Ambassador Cruise Line Ground, Chelmsford",2026-08-27,2026-08-27T10:00:00,"['Essex', 'Surrey']","[{'name': 'Essex', 'shortname': 'ESX', 'img': 'https://g.cricapi.com/iapi/1119-637885549753088458.webp?w=48'}, {'name': 'Surrey', 'shortname': 'SUR', 'img': 'https://g.cricapi.com/iapi/1133-637885552361099530.webp?w=48'}]","[{'r': 16, 'w': 1, 'o': 6, 'inning': 'Surrey Inning 1'}]",fc9cfc65-4ff6-47c4-baa2-05cc39830e5a,False,False,True,True,False
239,80b734be-dda7-4fbf-bd08-f00321aeb492,"Yorkshire vs Leicestershire, 48th Match, County Championship Division One 2026",test,Day 1: 2nd Session - Leicestershire opt to bowl,"North Marine Road Ground, Scarborough",2026-08-27,2026-08-27T10:00:00,"['Yorkshire', 'Leicestershire']","[{'name': 'Leicestershire', 'shortname': 'LECS', 'img': 'https://g.cricapi.com/iapi/1126-637889090878436462.webp?w=48'}, {'name': 'Yorkshire', 'shortname': 'YRK', 'img': 'https://g.cricapi.com/iapi/1139-637885552795894277.webp?w=48'}]","[{'r': 98, 'w': 2, 'o': 32.3, 'inning': 'Yorkshire Inning 1'}]",fc9cfc65-4ff6-47c4-baa2-05cc39830e5a,False,False,True,True,False
240,72c97402-850a-40a1-93d7-d0466af31471,"Glamorgan vs Hampshire, 49th Match, County Championship Division One 2026",test,Day 1: 2nd Session - Glamorgan opt to bowl,"Sophia Gardens, Cardiff",2026-08-27,2026-08-27T10:00:00,"['Glamorgan', 'Hampshire']","[{'name': 'Glamorgan', 'shortname': 'GLAM', 'img': 'https://g.cricapi.com/iapi/1120-637889090390357869.webp?w=48'}, {'name': 'Hampshire', 'shortname': 'HAM', 'img': 'https://g.cricapi.com/iapi/1122-637885550993657486.webp?w=48'}]","[{'r': 107, 'w': 5, 'o': 25.1, 'inning': 'Hampshire Inning 1'}]",fc9cfc65-4ff6-47c4-baa2-05cc39830e5a,False,False,True,True,False
241,3c647e81-d74e-47a3-90fb-e1d3f451d5f6,"Sussex vs Somerset, 50th Match, County Championship Division One 2026",test,Day 1: 2nd Session - Sussex opt to bowl,"County Ground, Hove",2026-08-27,2026-08-27T10:00:00,"['Sussex', 'Somerset']","[{'name': 'Somerset', 'shortname': 'SOM', 'img': 'https://g.cricapi.com/iapi/1131-637885552070524344.webp?w=48'}, {'name': 'Sussex', 'shortname': 'SUSS', 'img': 'https://g.cricapi.com/iapi/1134-637889091814592518.webp?w=48'}]","[{'r': 96, 'w': 5, 'o': 31.3, 'inning': 'Somerset Inning 1'}]",fc9cfc65-4ff6-47c4-baa2-05cc39830e5a,False,False,True,True,False
242,cc1c57c0-7ecf-4556-8465-47bbac896427,"England vs Pakistan, 2nd Test, Pakistan tour of England 2026",test,Day 1: 1st Session - Pakistan opt to bowl,"Lord's, London",2026-08-27,2026-08-27T10:00:00,"['England', 'Pakistan']","[{'name': 'England', 'shortname': 'ENG', 'img': 'https://g.cricapi.com/iapi/23-637877072894080569.webp?w=48'}, {'name': 'Pakistan', 'shortname': 'PAK', 'img': 'https://g.cricapi.com/iapi/66-637877075103236690.webp?w=48'}]","[{'r': 78, 'w': 4, 'o': 17.2, 'inning': 'England Inning 1'}]",4f8f04e8-8c11-402d-9bc3-48c09603d9d8,False,False,True,True,False
243,d7ad6f40-5f17-4a8e-8552-044453e33b43,"Luxembourg Women vs Belgium Women, 4th T20I, Belgium Women tour of Luxembourg, 2026",t20,Luxembourg Women won by 47 runs,"Pierre Werner Cricket Ground, Walferdange",2026-08-23,2026-08-23T13:30:00,"['Luxembourg Women', 'Belgium Women']","[{'name': 'Belgium Women', 'shortname': 'BW', 'img': 'https://h.cricapi.com/img/icon512.png'}, {'name': 'Luxembourg Women', 'shortname': 'LW', 'img': 'https://g.cricapi.com/iapi/623-637869397000752571.webp?w=48'}]","[{'r': 194, 'w': 0, 'o': 20, 'inning': 'Luxembourg Women Inning 1'}, {'r': 147, 'w': 8, 'o': 20, 'inning': 'Belgium Women Inning 1'}]",2959c81f-9df4-41f8-b9d7-f316975d9677,False,False,False,True,True
244,67c75be2-2cbe-4d4a-9b42-a71277bceab6,"Luxembourg Women vs Belgium Women, 3rd T20I, Belgium Women tour of Luxembourg, 2026",t20,Luxembourg Women won by 4 wkts,"Pierre Werner Cricket Ground, Walferdange",2026-08-23,2026-08-23T08:30:00,"['Luxembourg Women', 'Belgium Women']","[{'name': 'Belgium Women', 'shortname': 'BW', 'img': 'https://h.cricapi.com/img/icon512.png'}, {'name': 'Luxembourg Women', 'shortname': 'LW', 'img': 'https://g.cricapi.com/iapi/623-637869397000752571.webp?w=48'}]","[{'r': 121, 'w': 7, 'o': 20, 'inning': 'Belgium Women Inning 1'}, {'r': 122, 'w': 6, 'o': 18.4, 'inning': 'Luxembourg Women Inning 1'}]",2959c81f-9df4-41f8-b9d7-f316975d9677,False,False,False,True,True
245,1fa3bd8a-4bac-4ebb-b022-aba8281467e3,"Tanzania Women vs Uganda Women, 12th Match, Womens T20I Quadrangular Series in Namibia 2026",t20,Tanzania Women awarded the match (opposition refused to play),"Namibia Cricket Ground, Windhoek",2026-07-28,2026-07-28T12:00:00,"['Tanzania Women', 'Uganda Women']","[{'name': 'Tanzania Women', 'shortname': 'TAN-W', 'img': 'https://g.cricapi.com/iapi/3614-638101761273860958.webp?w=48'}, {'name': 'Uganda Women', 'shortname': 'UGAW', 'img': 'https://g.cricapi.com/iapi/1135-637877086844153505.webp?w=48'}]","[{'r': 116, 'w': 2, 'o': 16.4, 'inning': 'Uganda Women Inning 1'}]",3014a459-6e69-4f64-86eb-2f30a2cdbd0b,True,False,False,True,False
246,d13e1f53-6487-4b61-8b28-84c9833b3e42,"Trinbago Knight Riders vs Saint Lucia Kings, 17th Match, Caribbean Premier League 2026",t20,Saint Lucia Kings won by 36 runs,"Brian Lara Stadium, Tarouba, Trinidad",2026-08-26,2026-08-26T23:00:00,"['Trinbago Knight Riders', 'Saint Lucia Kings']","[{'name': 'Saint Lucia Kings', 'shortname': 'SLK', 'img': 'https://g.cricapi.com/iapi/266-637937643184202597.webp?w=48'}, {'name': 'Trinbago Knight Riders', 'shortname': 'TKR', 'img': 'https://g.cricapi.com/iapi/293-637932465560269082.png?w=48'}]","[{'r': 211, 'w': 4, 'o': 20, 'inning': 'Saint Lucia Kings Inning 1'}, {'r': 175, 'w': 6, 'o': 20, 'inning': 'Trinbago Knight Riders Inning 1'}]",929c36f6-9ed6-4cec-a2ad-910a2ee4f701,False,False,True,True,True
247,d9c33252-aad4-46a8-bc6d-ca87211717a5,"Antigua and Barbuda Falcons vs Barbados Tridents, 16th Match, Caribbean Premier League 2026",t20,Antigua and Barbuda Falcons won by 30 runs,"Sir Vivian Richards Stadium, North Sound, Antigua",2026-08-25,2026-08-25T23:00:00,"['Antigua and Barbuda Falcons', 'Barbados Tridents']","[{'name': 'Antigua and Barbuda Falcons', 'shortname': 'ABF', 'img': 'https://h.cricapi.com/img/icon512.png'}, {'name': 'Barbados Tridents', 'img': 'https://h.cricapi.com/img/icon512.png'}]","[{'r': 155, 'w': 5, 'o': 20, 'inning': 'Barbados Tridents Inning 1'}, {'r': 125, 'w': 10, 'o': 18, 'inning': 'Antigua and Barbuda Falcons Inning 1'}]",929c36f6-9ed6-4cec-a2ad-910a2ee4f701,False,False,True,True,True
248,82fc5df7-fe9f-4970-972f-993a0c251c14,"Antigua and Barbuda Falcons vs Guyana Amazon Warriors, 15th Match, Caribbean Premier League 2026",t20,Guyana Amazon Warriors won by 7 wkts,"Sir Vivian Richards Stadium, North Sound, Antigua",2026-08-23,2026-08-23T23:00:00,"['Antigua and Barbuda Falcons', 'Guyana Amazon Warriors']","[{'name': 'Antigua and Barbuda Falcons', 'shortname': 'ABF', 'img': 'https://h.cricapi.com/img/icon512.png'}, {'name': 'Guyana Amazon Warriors', 'shortname': 'GAW', 'img': 'https://g.cricapi.com/iapi/174-637945408285271060.webp?w=48'}]","[{'r': 116, 'w': 10, 'o': 17, 'inning': 'Antigua and Barbuda Falcons Inning 1'}, {'r': 121, 'w': 3, 'o': 9.5, 'inning': 'Guyana Amazon Warriors Inning 1'}]",929c36f6-9ed6-4cec-a2ad-910a2ee4f701,False,False,True,True,True
249,0a2f4fd1-eb88-4e99-a527-71a8a34775a4,"Trichy Grand Cholas vs Vida Kovai Kings, Qualifier 2, Tamil Nadu Premier League 2026",t20,Vida Kovai Kings won by 84 runs,"MA Chidambaram Stadium, Chennai",2026-08-26,2026-08-26T14:00:00,"['Trichy Grand Cholas', 'Vida Kovai Kings']","[{'name': 'Trichy Grand Cholas', 'shortname': 'TGC', 'img': 'https://h.cricapi.com/img/icon512.png'}, {'name': 'Vida Kovai Kings', 'img': 'https://h.cricapi.com/img/icon512.png'}]","[{'r': 183, 'w': 5, 'o': 20, 'inning': 'vida kovai kings Inning 1'}, {'r': 99, 'w': 10, 'o': 15.4, 'inning': 'Trichy Grand Cholas,Vida Kovai Kings Inning 1'}]",6c3c5876-5cfc-4490-9c8e-8ba90aec4323,False,False,True,True,True
250,bb130949-5eaa-46ff-89d5-883839da1e3a,"Vida Kovai Kings vs IDream Tiruppur Tamizhans, Eliminator, Tamil Nadu Premier League 2026",t20,No result due to rain,"MA Chidambaram Stadium, Chennai",2026-08-24,2026-08-24T14:00:00,"['Vida Kovai Kings', 'IDream Tiruppur Tamizhans']","[{'name': 'IDream Tiruppur Tamizhans', 'shortname': 'ITT', 'img': 'https://g.cricapi.com/iapi/181-637945148142038694.webp?w=48'}, {'name': 'Vida Kovai Kings', 'img': 'https://h.cricapi.com/img/icon512.png'}]","[{'r': 15, 'w': 0, 'o': 3, 'inning': 'IDream Tiruppur Tamizhans Inning 1'}]",6c3c5876-5cfc-4490-9c8e-8ba90aec4323,False,False,True,True,True
251,7d79a71a-0bd5-41eb-8920-6eae1081ba7e,"Madurai Panthers vs Trichy Grand Cholas, Qualifier 1, Tamil Nadu Premier League 2026",t20,No result due to rain - Madurai Panthers opt to bowl,"MA Chidambaram Stadium, Chennai",2026-08-23,2026-08-23T14:00:00,"['Madurai Panthers', 'Trichy Grand Cholas']","[{'name': 'Madurai Panthers', 'shortname': 'MP', 'img': 'https://g.cricapi.com/iapi/217-637940203723122310.webp?w=48'}, {'name': 'Trichy Grand Cholas', 'shortname': 'TGC', 'img': 'https://h.cricapi.com/img/icon512.png'}]","[{'r': 50, 'w': 1, 'o': 4.5, 'inning': 'Trichy Grand Cholas Inning 1'}]",6c3c5876-5cfc-4490-9c8e-8ba90aec4323,False,False,True,True,True
252,2b5a029a-aa13-4d1b-9bbe-cb6446ee7e9b,"Durham vs Gloucestershire, 40th Match, County Championship Division Two 2026",test,Day 1: 2nd Session - Durham opt to bowl,"Riverside Ground, Chester-le-Street",2026-08-27,2026-08-27T10:00:00,"['Durham', 'Gloucestershire']","[{'name': 'Durham', 'shortname': 'DURH', 'img': 'https://g.cricapi.com/iapi/1118-637889090599643548.webp?w=48'}, {'name': 'Gloucestershire', 'shortname': 'GLOU', 'img': 'https://g.cricapi.com/iapi/1121-637885550747990018.webp?w=48'}]","[{'r': 106, 'w': 5, 'o': 30, 'inning': 'Gloucestershire Inning 1'}]",dfe730c5-873d-44ce-955c-00d82716749b,False,False,True,True,False
253,cb970852-df8b-48bf-8b2f-7098db5e19d9,"Essex vs Surrey, 47th Match, County Championship Division One 2026",test,Day 1: 2nd Session - Essex opt to bowl,"The Ambassador Cruise Line Ground, Chelmsford",2026-08-27,2026-08-27T10:00:00,"['Essex', 'Surrey']","[{'name': 'Essex', 'shortname': 'ESX', 'img': 'https://g.cricapi.com/iapi/1119-637885549753088458.webp?w=48'}, {'name': 'Surrey', 'shortname': 'SUR', 'img': 'https://g.cricapi.com/iapi/1133-637885552361099530.webp?w=48'}]","[{'r': 16, 'w': 1, 'o': 6, 'inning': 'Surrey Inning 1'}]",fc9cfc65-4ff6-47c4-baa2-05cc39830e5a,False,False,True,True,False
254,80b734be-dda7-4fbf-bd08-f00321aeb492,"Yorkshire vs Leicestershire, 48th Match, County Championship Division One 2026",test,Day 1: 2nd Session - Leicestershire opt to bowl,"North Marine Road Ground, Scarborough",2026-08-27,2026-08-27T10:00:00,"['Yorkshire', 'Leicestershire']","[{'name': 'Leicestershire', 'shortname': 'LECS', 'img': 'https://g.cricapi.com/iapi/1126-637889090878436462.webp?w=48'}, {'name': 'Yorkshire', 'shortname': 'YRK', 'img': 'https://g.cricapi.com/iapi/1139-637885552795894277.webp?w=48'}]","[{'r': 98, 'w': 2, 'o': 32.3, 'inning': 'Yorkshire Inning 1'}]",fc9cfc65-4ff6-47c4-baa2-05cc39830e5a,False,False,True,True,False
255,72c97402-850a-40a1-93d7-d0466af31471,"Glamorgan vs Hampshire, 49th Match, County Championship Division One 2026",test,Day 1: 2nd Session - Glamorgan opt to bowl,"Sophia Gardens, Cardiff",2026-08-27,2026-08-27T10:00:00,"['Glamorgan', 'Hampshire']","[{'name': 'Glamorgan', 'shortname': 'GLAM', 'img': 'https://g.cricapi.com/iapi/1120-637889090390357869.webp?w=48'}, {'name': 'Hampshire', 'shortname': 'HAM', 'img': 'https://g.cricapi.com/iapi/1122-637885550993657486.webp?w=48'}]","[{'r': 107, 'w': 5, 'o': 25.1, 'inning': 'Hampshire Inning 1'}]",fc9cfc65-4ff6-47c4-baa2-05cc39830e5a,False,False,True,True,False
256,3c647e81-d74e-47a3-90fb-e1d3f451d5f6,"Sussex vs Somerset, 50th Match, County Championship Division One 2026",test,Day 1: 2nd Session - Sussex opt to bowl,"County Ground, Hove",2026-08-27,2026-08-27T10:00:00,"['Sussex', 'Somerset']","[{'name': 'Somerset', 'shortname': 'SOM', 'img': 'https://g.cricapi.com/iapi/1131-637885552070524344.webp?w=48'}, {'name': 'Sussex', 'shortname': 'SUSS', 'img': 'https://g.cricapi.com/iapi/1134-637889091814592518.webp?w=48'}]","[{'r': 96, 'w': 5, 'o': 31.3, 'inning': 'Somerset Inning 1'}]",fc9cfc65-4ff6-47c4-baa2-05cc39830e5a,False,False,True,True,False
257,cc1c57c0-7ecf-4556-8465-47bbac896427,"England vs Pakistan, 2nd Test, Pakistan tour of England 2026",test,Day 1: 1st Session - Pakistan opt to bowl,"Lord's, London",2026-08-27,2026-08-27T10:00:00,"['England', 'Pakistan']","[{'name': 'England', 'shortname': 'ENG', 'img': 'https://g.cricapi.com/iapi/23-637877072894080569.webp?w=48'}, {'name': 'Pakistan', 'shortname': 'PAK', 'img': 'https://g.cricapi.com/iapi/66-637877075103236690.webp?w=48'}]","[{'r': 78, 'w': 4, 'o': 17.2, 'inning': 'England Inning 1'}]",4f8f04e8-8c11-402d-9bc3-48c09603d9d8,False,False,True,True,False
258,d7ad6f40-5f17-4a8e-8552-044453e33b43,"Luxembourg Women vs Belgium Women, 4th T20I, Belgium Women tour of Luxembourg, 2026",t20,Luxembourg Women won by 47 runs,"Pierre Werner Cricket Ground, Walferdange",2026-08-23,2026-08-23T13:30:00,"['Luxembourg Women', 'Belgium Women']","[{'name': 'Belgium Women', 'shortname': 'BW', 'img': 'https://h.cricapi.com/img/icon512.png'}, {'name': 'Luxembourg Women', 'shortname': 'LW', 'img': 'https://g.cricapi.com/iapi/623-637869397000752571.webp?w=48'}]","[{'r': 194, 'w': 0, 'o': 20, 'inning': 'Luxembourg Women Inning 1'}, {'r': 147, 'w': 8, 'o': 20, 'inning': 'Belgium Women Inning 1'}]",2959c81f-9df4-41f8-b9d7-f316975d9677,False,False,False,True,True
259,67c75be2-2cbe-4d4a-9b42-a71277bceab6,"Luxembourg Women vs Belgium Women, 3rd T20I, Belgium Women tour of Luxembourg, 2026",t20,Luxembourg Women won by 4 wkts,"Pierre Werner Cricket Ground, Walferdange",2026-08-23,2026-08-23T08:30:00,"['Luxembourg Women', 'Belgium Women']","[{'name': 'Belgium Women', 'shortname': 'BW', 'img': 'https://h.cricapi.com/img/icon512.png'}, {'name': 'Luxembourg Women', 'shortname': 'LW', 'img': 'https://g.cricapi.com/iapi/623-637869397000752571.webp?w=48'}]","[{'r': 121, 'w': 7, 'o': 20, 'inning': 'Belgium Women Inning 1'}, {'r': 122, 'w': 6, 'o': 18.4, 'inning': 'Luxembourg Women Inning 1'}]",2959c81f-9df4-41f8-b9d7-f316975d9677,False,False,False,True,True
260,1fa3bd8a-4bac-4ebb-b022-aba8281467e3,"Tanzania Women vs Uganda Women, 12th Match, Womens T20I Quadrangular Series in Namibia 2026",t20,Tanzania Women awarded the match (opposition refused to play),"Namibia Cricket Ground, Windhoek",2026-07-28,2026-07-28T12:00:00,"['Tanzania Women', 'Uganda Women']","[{'name': 'Tanzania Women', 'shortname': 'TAN-W', 'img': 'https://g.cricapi.com/iapi/3614-638101761273860958.webp?w=48'}, {'name': 'Uganda Women', 'shortname': 'UGAW', 'img': 'https://g.cricapi.com/iapi/1135-637877086844153505.webp?w=48'}]","[{'r': 116, 'w': 2, 'o': 16.4, 'inning': 'Uganda Women Inning 1'}]",3014a459-6e69-4f64-86eb-2f30a2cdbd0b,True,False,False,True,False
261,d13e1f53-6487-4b61-8b28-84c9833b3e42,"Trinbago Knight Riders vs Saint Lucia Kings, 17th Match, Caribbean Premier League 2026",t20,Saint Lucia Kings won by 36 runs,"Brian Lara Stadium, Tarouba, Trinidad",2026-08-26,2026-08-26T23:00:00,"['Trinbago Knight Riders', 'Saint Lucia Kings']","[{'name': 'Saint Lucia Kings', 'shortname': 'SLK', 'img': 'https://g.cricapi.com/iapi/266-637937643184202597.webp?w=48'}, {'name': 'Trinbago Knight Riders', 'shortname': 'TKR', 'img': 'https://g.cricapi.com/iapi/293-637932465560269082.png?w=48'}]","[{'r': 211, 'w': 4, 'o': 20, 'inning': 'Saint Lucia Kings Inning 1'}, {'r': 175, 'w': 6, 'o': 20, 'inning': 'Trinbago Knight Riders Inning 1'}]",929c36f6-9ed6-4cec-a2ad-910a2ee4f701,False,False,True,True,True
262,d9c33252-aad4-46a8-bc6d-ca87211717a5,"Antigua and Barbuda Falcons vs Barbados Tridents, 16th Match, Caribbean Premier League 2026",t20,Antigua and Barbuda Falcons won by 30 runs,"Sir Vivian Richards Stadium, North Sound, Antigua",2026-08-25,2026-08-25T23:00:00,"['Antigua and Barbuda Falcons', 'Barbados Tridents']","[{'name': 'Antigua and Barbuda Falcons', 'shortname': 'ABF', 'img': 'https://h.cricapi.com/img/icon512.png'}, {'name': 'Barbados Tridents', 'img': 'https://h.cricapi.com/img/icon512.png'}]","[{'r': 155, 'w': 5, 'o': 20, 'inning': 'Barbados Tridents Inning 1'}, {'r': 125, 'w': 10, 'o': 18, 'inning': 'Antigua and Barbuda Falcons Inning 1'}]",929c36f6-9ed6-4cec-a2ad-910a2ee4f701,False,False,True,True,True
263,82fc5df7-fe9f-4970-972f-993a0c251c14,"Antigua and Barbuda Falcons vs Guyana Amazon Warriors, 15th Match, Caribbean Premier League 2026",t20,Guyana Amazon Warriors won by 7 wkts,"Sir Vivian Richards Stadium, North Sound, Antigua",2026-08-23,2026-08-23T23:00:00,"['Antigua and Barbuda Falcons', 'Guyana Amazon Warriors']","[{'name': 'Antigua and Barbuda Falcons', 'shortname': 'ABF', 'img': 'https://h.cricapi.com/img/icon512.png'}, {'name': 'Guyana Amazon Warriors', 'shortname': 'GAW', 'img': 'https://g.cricapi.com/iapi/174-637945408285271060.webp?w=48'}]","[{'r': 116, 'w': 10, 'o': 17, 'inning': 'Antigua and Barbuda Falcons Inning 1'}, {'r': 121, 'w': 3, 'o': 9.5, 'inning': 'Guyana Amazon Warriors Inning 1'}]",929c36f6-9ed6-4cec-a2ad-910a2ee4f701,False,False,True,True,True
264,0a2f4fd1-eb88-4e99-a527-71a8a34775a4,"Trichy Grand Cholas vs Vida Kovai Kings, Qualifier 2, Tamil Nadu Premier League 2026",t20,Vida Kovai Kings won by 84 runs,"MA Chidambaram Stadium, Chennai",2026-08-26,2026-08-26T14:00:00,"['Trichy Grand Cholas', 'Vida Kovai Kings']","[{'name': 'Trichy Grand Cholas', 'shortname': 'TGC', 'img': 'https://h.cricapi.com/img/icon512.png'}, {'name': 'Vida Kovai Kings', 'img': 'https://h.cricapi.com/img/icon512.png'}]","[{'r': 183, 'w': 5, 'o': 20, 'inning': 'vida kovai kings Inning 1'}, {'r': 99, 'w': 10, 'o': 15.4, 'inning': 'Trichy Grand Cholas,Vida Kovai Kings Inning 1'}]",6c3c5876-5cfc-4490-9c8e-8ba90aec4323,False,False,True,True,True
265,bb130949-5eaa-46ff-89d5-883839da1e3a,"Vida Kovai Kings vs IDream Tiruppur Tamizhans, Eliminator, Tamil Nadu Premier League 2026",t20,No result due to rain,"MA Chidambaram Stadium, Chennai",2026-08-24,2026-08-24T14:00:00,"['Vida Kovai Kings', 'IDream Tiruppur Tamizhans']","[{'name': 'IDream Tiruppur Tamizhans', 'shortname': 'ITT', 'img': 'https://g.cricapi.com/iapi/181-637945148142038694.webp?w=48'}, {'name': 'Vida Kovai Kings', 'img': 'https://h.cricapi.com/img/icon512.png'}]","[{'r': 15, 'w': 0, 'o': 3, 'inning': 'IDream Tiruppur Tamizhans Inning 1'}]",6c3c5876-5cfc-4490-9c8e-8ba90aec4323,False,False,True,True,True
266,7d79a71a-0bd5-41eb-8920-6eae1081ba7e,"Madurai Panthers vs Trichy Grand Cholas, Qualifier 1, Tamil Nadu Premier League 2026",t20,No result due to rain - Madurai Panthers opt to bowl,"MA Chidambaram Stadium, Chennai",2026-08-23,2026-08-23T14:00:00,"['Madurai Panthers', 'Trichy Grand Cholas']","[{'name': 'Madurai Panthers', 'shortname': 'MP', 'img': 'https://g.cricapi.com/iapi/217-637940203723122310.webp?w=48'}, {'name': 'Trichy Grand Cholas', 'shortname': 'TGC', 'img': 'https://h.cricapi.com/img/icon512.png'}]","[{'r': 50, 'w': 1, 'o': 4.5, 'inning': 'Trichy Grand Cholas Inning 1'}]",6c3c5876-5cfc-4490-9c8e-8ba90aec4323,False,False,True,True,True
267,2b5a029a-aa13-4d1b-9bbe-cb6446ee7e9b,"Durham vs Gloucestershire, 40th Match, County Championship Division Two 2026",test,Day 1: 2nd Session - Durham opt to bowl,"Riverside Ground, Chester-le-Street",2026-08-27,2026-08-27T10:00:00,"['Durham', 'Gloucestershire']","[{'name': 'Durham', 'shortname': 'DURH', 'img': 'https://g.cricapi.com/iapi/1118-637889090599643548.webp?w=48'}, {'name': 'Gloucestershire', 'shortname': 'GLOU', 'img': 'https://g.cricapi.com/iapi/1121-637885550747990018.webp?w=48'}]","[{'r': 106, 'w': 5, 'o': 30, 'inning': 'Gloucestershire Inning 1'}]",dfe730c5-873d-44ce-955c-00d82716749b,False,False,True,True,False
268,cb970852-df8b-48bf-8b2f-7098db5e19d9,"Essex vs Surrey, 47th Match, County Championship Division One 2026",test,Day 1: 2nd Session - Essex opt to bowl,"The Ambassador Cruise Line Ground, Chelmsford",2026-08-27,2026-08-27T10:00:00,"['Essex', 'Surrey']","[{'name': 'Essex', 'shortname': 'ESX', 'img': 'https://g.cricapi.com/iapi/1119-637885549753088458.webp?w=48'}, {'name': 'Surrey', 'shortname': 'SUR', 'img': 'https://g.cricapi.com/iapi/1133-637885552361099530.webp?w=48'}]","[{'r': 16, 'w': 1, 'o': 6, 'inning': 'Surrey Inning 1'}]",fc9cfc65-4ff6-47c4-baa2-05cc39830e5a,False,False,True,True,False
269,80b734be-dda7-4fbf-bd08-f00321aeb492,"Yorkshire vs Leicestershire, 48th Match, County Championship Division One 2026",test,Day 1: 2nd Session - Leicestershire opt to bowl,"North Marine Road Ground, Scarborough",2026-08-27,2026-08-27T10:00:00,"['Yorkshire', 'Leicestershire']","[{'name': 'Leicestershire', 'shortname': 'LECS', 'img': 'https://g.cricapi.com/iapi/1126-637889090878436462.webp?w=48'}, {'name': 'Yorkshire', 'shortname': 'YRK', 'img': 'https://g.cricapi.com/iapi/1139-637885552795894277.webp?w=48'}]","[{'r': 98, 'w': 2, 'o': 32.3, 'inning': 'Yorkshire Inning 1'}]",fc9cfc65-4ff6-47c4-baa2-05cc39830e5a,False,False,True,True,False
270,72c97402-850a-40a1-93d7-d0466af31471,"Glamorgan vs Hampshire, 49th Match, County Championship Division One 2026",test,Day 1: 2nd Session - Glamorgan opt to bowl,"Sophia Gardens, Cardiff",2026-08-27,2026-08-27T10:00:00,"['Glamorgan', 'Hampshire']","[{'name': 'Glamorgan', 'shortname': 'GLAM', 'img': 'https://g.cricapi.com/iapi/1120-637889090390357869.webp?w=48'}, {'name': 'Hampshire', 'shortname': 'HAM', 'img': 'https://g.cricapi.com/iapi/1122-637885550993657486.webp?w=48'}]","[{'r': 107, 'w': 5, 'o': 25.1, 'inning': 'Hampshire Inning 1'}]",fc9cfc65-4ff6-47c4-baa2-05cc39830e5a,False,False,True,True,False
271,3c647e81-d74e-47a3-90fb-e1d3f451d5f6,"Sussex vs Somerset, 50th Match, County Championship Division One 2026",test,Day 1: 2nd Session - Sussex opt to bowl,"County Ground, Hove",2026-08-27,2026-08-27T10:00:00,"['Sussex', 'Somerset']","[{'name': 'Somerset', 'shortname': 'SOM', 'img': 'https://g.cricapi.com/iapi/1131-637885552070524344.webp?w=48'}, {'name': 'Sussex', 'shortname': 'SUSS', 'img': 'https://g.cricapi.com/iapi/1134-637889091814592518.webp?w=48'}]","[{'r': 96, 'w': 5, 'o': 31.3, 'inning': 'Somerset Inning 1'}]",fc9cfc65-4ff6-47c4-baa2-05cc39830e5a,False,False,True,True,False
272,cc1c57c0-7ecf-4556-8465-47bbac896427,"England vs Pakistan, 2nd Test, Pakistan tour of England 2026",test,Day 1: 1st Session - Pakistan opt to bowl,"Lord's, London",2026-08-27,2026-08-27T10:00:00,"['England', 'Pakistan']","[{'name': 'England', 'shortname': 'ENG', 'img': 'https://g.cricapi.com/iapi/23-637877072894080569.webp?w=48'}, {'name': 'Pakistan', 'shortname': 'PAK', 'img': 'https://g.cricapi.com/iapi/66-637877075103236690.webp?w=48'}]","[{'r': 78, 'w': 4, 'o': 17.2, 'inning': 'England Inning 1'}]",4f8f04e8-8c11-402d-9bc3-48c09603d9d8,False,False,True,True,False
273,d7ad6f40-5f17-4a8e-8552-044453e33b43,"Luxembourg Women vs Belgium Women, 4th T20I, Belgium Women tour of Luxembourg, 2026",t20,Luxembourg Women won by 47 runs,"Pierre Werner Cricket Ground, Walferdange",2026-08-23,2026-08-23T13:30:00,"['Luxembourg Women', 'Belgium Women']","[{'name': 'Belgium Women', 'shortname': 'BW', 'img': 'https://h.cricapi.com/img/icon512.png'}, {'name': 'Luxembourg Women', 'shortname': 'LW', 'img': 'https://g.cricapi.com/iapi/623-637869397000752571.webp?w=48'}]","[{'r': 194, 'w': 0, 'o': 20, 'inning': 'Luxembourg Women Inning 1'}, {'r': 147, 'w': 8, 'o': 20, 'inning': 'Belgium Women Inning 1'}]",2959c81f-9df4-41f8-b9d7-f316975d9677,False,False,False,True,True
274,67c75be2-2cbe-4d4a-9b42-a71277bceab6,"Luxembourg Women vs Belgium Women, 3rd T20I, Belgium Women tour of Luxembourg, 2026",t20,Luxembourg Women won by 4 wkts,"Pierre Werner Cricket Ground, Walferdange",2026-08-23,2026-08-23T08:30:00,"['Luxembourg Women', 'Belgium Women']","[{'name': 'Belgium Women', 'shortname': 'BW', 'img': 'https://h.cricapi.com/img/icon512.png'}, {'name': 'Luxembourg Women', 'shortname': 'LW', 'img': 'https://g.cricapi.com/iapi/623-637869397000752571.webp?w=48'}]","[{'r': 121, 'w': 7, 'o': 20, 'inning': 'Belgium Women Inning 1'}, {'r': 122, 'w': 6, 'o': 18.4, 'inning': 'Luxembourg Women Inning 1'}]",2959c81f-9df4-41f8-b9d7-f316975d9677,False,False,False,True,True
275,1fa3bd8a-4bac-4ebb-b022-aba8281467e3,"Tanzania Women vs Uganda Women, 12th Match, Womens T20I Quadrangular Series in Namibia 2026",t20,Tanzania Women awarded the match (opposition refused to play),"Namibia Cricket Ground, Windhoek",2026-07-28,2026-07-28T12:00:00,"['Tanzania Women', 'Uganda Women']","[{'name': 'Tanzania Women', 'shortname': 'TAN-W', 'img': 'https://g.cricapi.com/iapi/3614-638101761273860958.webp?w=48'}, {'name': 'Uganda Women', 'shortname': 'UGAW', 'img': 'https://g.cricapi.com/iapi/1135-637877086844153505.webp?w=48'}]","[{'r': 116, 'w': 2, 'o': 16.4, 'inning': 'Uganda Women Inning 1'}]",3014a459-6e69-4f64-86eb-2f30a2cdbd0b,True,False,False,True,False
276,d13e1f53-6487-4b61-8b28-84c9833b3e42,"Trinbago Knight Riders vs Saint Lucia Kings, 17th Match, Caribbean Premier League 2026",t20,Saint Lucia Kings won by 36 runs,"Brian Lara Stadium, Tarouba, Trinidad",2026-08-26,2026-08-26T23:00:00,"['Trinbago Knight Riders', 'Saint Lucia Kings']","[{'name': 'Saint Lucia Kings', 'shortname': 'SLK', 'img': 'https://g.cricapi.com/iapi/266-637937643184202597.webp?w=48'}, {'name': 'Trinbago Knight Riders', 'shortname': 'TKR', 'img': 'https://g.cricapi.com/iapi/293-637932465560269082.png?w=48'}]","[{'r': 211, 'w': 4, 'o': 20, 'inning': 'Saint Lucia Kings Inning 1'}, {'r': 175, 'w': 6, 'o': 20, 'inning': 'Trinbago Knight Riders Inning 1'}]",929c36f6-9ed6-4cec-a2ad-910a2ee4f701,False,False,True,True,True
277,d9c33252-aad4-46a8-bc6d-ca87211717a5,"Antigua and Barbuda Falcons vs Barbados Tridents, 16th Match, Caribbean Premier League 2026",t20,Antigua and Barbuda Falcons won by 30 runs,"Sir Vivian Richards Stadium, North Sound, Antigua",2026-08-25,2026-08-25T23:00:00,"['Antigua and Barbuda Falcons', 'Barbados Tridents']","[{'name': 'Antigua and Barbuda Falcons', 'shortname': 'ABF', 'img': 'https://h.cricapi.com/img/icon512.png'}, {'name': 'Barbados Tridents', 'img': 'https://h.cricapi.com/img/icon512.png'}]","[{'r': 155, 'w': 5, 'o': 20, 'inning': 'Barbados Tridents Inning 1'}, {'r': 125, 'w': 10, 'o': 18, 'inning': 'Antigua and Barbuda Falcons Inning 1'}]",929c36f6-9ed6-4cec-a2ad-910a2ee4f701,False,False,True,True,True
278,82fc5df7-fe9f-4970-972f-993a0c251c14,"Antigua and Barbuda Falcons vs Guyana Amazon Warriors, 15th Match, Caribbean Premier League 2026",t20,Guyana Amazon Warriors won by 7 wkts,"Sir Vivian Richards Stadium, North Sound, Antigua",2026-08-23,2026-08-23T23:00:00,"['Antigua and Barbuda Falcons', 'Guyana Amazon Warriors']","[{'name': 'Antigua and Barbuda Falcons', 'shortname': 'ABF', 'img': 'https://h.cricapi.com/img/icon512.png'}, {'name': 'Guyana Amazon Warriors', 'shortname': 'GAW', 'img': 'https://g.cricapi.com/iapi/174-637945408285271060.webp?w=48'}]","[{'r': 116, 'w': 10, 'o': 17, 'inning': 'Antigua and Barbuda Falcons Inning 1'}, {'r': 121, 'w': 3, 'o': 9.5, 'inning': 'Guyana Amazon Warriors Inning 1'}]",929c36f6-9ed6-4cec-a2ad-910a2ee4f701,False,False,True,True,True
279,0a2f4fd1-eb88-4e99-a527-71a8a34775a4,"Trichy Grand Cholas vs Vida Kovai Kings, Qualifier 2, Tamil Nadu Premier League 2026",t20,Vida Kovai Kings won by 84 runs,"MA Chidambaram Stadium, Chennai",2026-08-26,2026-08-26T14:00:00,"['Trichy Grand Cholas', 'Vida Kovai Kings']","[{'name': 'Trichy Grand Cholas', 'shortname': 'TGC', 'img': 'https://h.cricapi.com/img/icon512.png'}, {'name': 'Vida Kovai Kings', 'img': 'https://h.cricapi.com/img/icon512.png'}]","[{'r': 183, 'w': 5, 'o': 20, 'inning': 'vida kovai kings Inning 1'}, {'r': 99, 'w': 10, 'o': 15.4, 'inning': 'Trichy Grand Cholas,Vida Kovai Kings Inning 1'}]",6c3c5876-5cfc-4490-9c8e-8ba90aec4323,False,False,True,True,True
280,bb130949-5eaa-46ff-89d5-883839da1e3a,"Vida Kovai Kings vs IDream Tiruppur Tamizhans, Eliminator, Tamil Nadu Premier League 2026",t20,No result due to rain,"MA Chidambaram Stadium, Chennai",2026-08-24,2026-08-24T14:00:00,"['Vida Kovai Kings', 'IDream Tiruppur Tamizhans']","[{'name': 'IDream Tiruppur Tamizhans', 'shortname': 'ITT', 'img': 'https://g.cricapi.com/iapi/181-637945148142038694.webp?w=48'}, {'name': 'Vida Kovai Kings', 'img': 'https://h.cricapi.com/img/icon512.png'}]","[{'r': 15, 'w': 0, 'o': 3, 'inning': 'IDream Tiruppur Tamizhans Inning 1'}]",6c3c5876-5cfc-4490-9c8e-8ba90aec4323,False,False,True,True,True
281,7d79a71a-0bd5-41eb-8920-6eae1081ba7e,"Madurai Panthers vs Trichy Grand Cholas, Qualifier 1, Tamil Nadu Premier League 2026",t20,No result due to rain - Madurai Panthers opt to bowl,"MA Chidambaram Stadium, Chennai",2026-08-23,2026-08-23T14:00:00,"['Madurai Panthers', 'Trichy Grand Cholas']","[{'name': 'Madurai Panthers', 'shortname': 'MP', 'img': 'https://g.cricapi.com/iapi/217-637940203723122310.webp?w=48'}, {'name': 'Trichy Grand Cholas', 'shortname': 'TGC', 'img': 'https://h.cricapi.com/img/icon512.png'}]","[{'r': 50, 'w': 1, 'o': 4.5, 'inning': 'Trichy Grand Cholas Inning 1'}]",6c3c5876-5cfc-4490-9c8e-8ba90aec4323,False,False,True,True,True
282,2b5a029a-aa13-4d1b-9bbe-cb6446ee7e9b,"Durham vs Gloucestershire, 40th Match, County Championship Division Two 2026",test,Day 1: 2nd Session - Durham opt to bowl,"Riverside Ground, Chester-le-Street",2026-08-27,2026-08-27T10:00:00,"['Durham', 'Gloucestershire']","[{'name': 'Durham', 'shortname': 'DURH', 'img': 'https://g.cricapi.com/iapi/1118-637889090599643548.webp?w=48'}, {'name': 'Gloucestershire', 'shortname': 'GLOU', 'img': 'https://g.cricapi.com/iapi/1121-637885550747990018.webp?w=48'}]","[{'r': 106, 'w': 5, 'o': 30, 'inning': 'Gloucestershire Inning 1'}]",dfe730c5-873d-44ce-955c-00d82716749b,False,False,True,True,False
283,cb970852-df8b-48bf-8b2f-7098db5e19d9,"Essex vs Surrey, 47th Match, County Championship Division One 2026",test,Day 1: 2nd Session - Essex opt to bowl,"The Ambassador Cruise Line Ground, Chelmsford",2026-08-27,2026-08-27T10:00:00,"['Essex', 'Surrey']","[{'name': 'Essex', 'shortname': 'ESX', 'img': 'https://g.cricapi.com/iapi/1119-637885549753088458.webp?w=48'}, {'name': 'Surrey', 'shortname': 'SUR', 'img': 'https://g.cricapi.com/iapi/1133-637885552361099530.webp?w=48'}]","[{'r': 16, 'w': 1, 'o': 6, 'inning': 'Surrey Inning 1'}]",fc9cfc65-4ff6-47c4-baa2-05cc39830e5a,False,False,True,True,False
284,80b734be-dda7-4fbf-bd08-f00321aeb492,"Yorkshire vs Leicestershire, 48th Match, County Championship Division One 2026",test,Day 1: 2nd Session - Leicestershire opt to bowl,"North Marine Road Ground, Scarborough",2026-08-27,2026-08-27T10:00:00,"['Yorkshire', 'Leicestershire']","[{'name': 'Leicestershire', 'shortname': 'LECS', 'img': 'https://g.cricapi.com/iapi/1126-637889090878436462.webp?w=48'}, {'name': 'Yorkshire', 'shortname': 'YRK', 'img': 'https://g.cricapi.com/iapi/1139-637885552795894277.webp?w=48'}]","[{'r': 98, 'w': 2, 'o': 32.3, 'inning': 'Yorkshire Inning 1'}]",fc9cfc65-4ff6-47c4-baa2-05cc39830e5a,False,False,True,True,False
285,72c97402-850a-40a1-93d7-d0466af31471,"Glamorgan vs Hampshire, 49th Match, County Championship Division One 2026",test,Day 1: 2nd Session - Glamorgan opt to bowl,"Sophia Gardens, Cardiff",2026-08-27,2026-08-27T10:00:00,"['Glamorgan', 'Hampshire']","[{'name': 'Glamorgan', 'shortname': 'GLAM', 'img': 'https://g.cricapi.com/iapi/1120-637889090390357869.webp?w=48'}, {'name': 'Hampshire', 'shortname': 'HAM', 'img': 'https://g.cricapi.com/iapi/1122-637885550993657486.webp?w=48'}]","[{'r': 107, 'w': 5, 'o': 25.1, 'inning': 'Hampshire Inning 1'}]",fc9cfc65-4ff6-47c4-baa2-05cc39830e5a,False,False,True,True,False
286,3c647e81-d74e-47a3-90fb-e1d3f451d5f6,"Sussex vs Somerset, 50th Match, County Championship Division One 2026",test,Day 1: 2nd Session - Sussex opt to bowl,"County Ground, Hove",2026-08-27,2026-08-27T10:00:00,"['Sussex', 'Somerset']","[{'name': 'Somerset', 'shortname': 'SOM', 'img': 'https://g.cricapi.com/iapi/1131-637885552070524344.webp?w=48'}, {'name': 'Sussex', 'shortname': 'SUSS', 'img': 'https://g.cricapi.com/iapi/1134-637889091814592518.webp?w=48'}]","[{'r': 96, 'w': 5, 'o': 31.3, 'inning': 'Somerset Inning 1'}]",fc9cfc65-4ff6-47c4-baa2-05cc39830e5a,False,False,True,True,False
287,cc1c57c0-7ecf-4556-8465-47bbac896427,"England vs Pakistan, 2nd Test, Pakistan tour of England 2026",test,Day 1: 1st Session - Pakistan opt to bowl,"Lord's, London",2026-08-27,2026-08-27T10:00:00,"['England', 'Pakistan']","[{'name': 'England', 'shortname': 'ENG', 'img': 'https://g.cricapi.com/iapi/23-637877072894080569.webp?w=48'}, {'name': 'Pakistan', 'shortname': 'PAK', 'img': 'https://g.cricapi.com/iapi/66-637877075103236690.webp?w=48'}]","[{'r': 78, 'w': 4, 'o': 17.2, 'inning': 'England Inning 1'}]",4f8f04e8-8c11-402d-9bc3-48c09603d9d8,False,False,True,True,False
288,d7ad6f40-5f17-4a8e-8552-044453e33b43,"Luxembourg Women vs Belgium Women, 4th T20I, Belgium Women tour of Luxembourg, 2026",t20,Luxembourg Women won by 47 runs,"Pierre Werner Cricket Ground, Walferdange",2026-08-23,2026-08-23T13:30:00,"['Luxembourg Women', 'Belgium Women']","[{'name': 'Belgium Women', 'shortname': 'BW', 'img': 'https://h.cricapi.com/img/icon512.png'}, {'name': 'Luxembourg Women', 'shortname': 'LW', 'img': 'https://g.cricapi.com/iapi/623-637869397000752571.webp?w=48'}]","[{'r': 194, 'w': 0, 'o': 20, 'inning': 'Luxembourg Women Inning 1'}, {'r': 147, 'w': 8, 'o': 20, 'inning': 'Belgium Women Inning 1'}]",2959c81f-9df4-41f8-b9d7-f316975d9677,False,False,False,True,True
289,67c75be2-2cbe-4d4a-9b42-a71277bceab6,"Luxembourg Women vs Belgium Women, 3rd T20I, Belgium Women tour of Luxembourg, 2026",t20,Luxembourg Women won by 4 wkts,"Pierre Werner Cricket Ground, Walferdange",2026-08-23,2026-08-23T08:30:00,"['Luxembourg Women', 'Belgium Women']","[{'name': 'Belgium Women', 'shortname': 'BW', 'img': 'https://h.cricapi.com/img/icon512.png'}, {'name': 'Luxembourg Women', 'shortname': 'LW', 'img': 'https://g.cricapi.com/iapi/623-637869397000752571.webp?w=48'}]","[{'r': 121, 'w': 7, 'o': 20, 'inning': 'Belgium Women Inning 1'}, {'r': 122, 'w': 6, 'o': 18.4, 'inning': 'Luxembourg Women Inning 1'}]",2959c81f-9df4-41f8-b9d7-f316975d9677,False,False,False,True,True
290,1fa3bd8a-4bac-4ebb-b022-aba8281467e3,"Tanzania Women vs Uganda Women, 12th Match, Womens T20I Quadrangular Series in Namibia 2026",t20,Tanzania Women awarded the match (opposition refused to play),"Namibia Cricket Ground, Windhoek",2026-07-28,2026-07-28T12:00:00,"['Tanzania Women', 'Uganda Women']","[{'name': 'Tanzania Women', 'shortname': 'TAN-W', 'img': 'https://g.cricapi.com/iapi/3614-638101761273860958.webp?w=48'}, {'name': 'Uganda Women', 'shortname': 'UGAW', 'img': 'https://g.cricapi.com/iapi/1135-637877086844153505.webp?w=48'}]","[{'r': 116, 'w': 2, 'o': 16.4, 'inning': 'Uganda Women Inning 1'}]",3014a459-6e69-4f64-86eb-2f30a2cdbd0b,True,False,False,True,False
291,d13e1f53-6487-4b61-8b28-84c9833b3e42,"Trinbago Knight Riders vs Saint Lucia Kings, 17th Match, Caribbean Premier League 2026",t20,Saint Lucia Kings won by 36 runs,"Brian Lara Stadium, Tarouba, Trinidad",2026-08-26,2026-08-26T23:00:00,"['Trinbago Knight Riders', 'Saint Lucia Kings']","[{'name': 'Saint Lucia Kings', 'shortname': 'SLK', 'img': 'https://g.cricapi.com/iapi/266-637937643184202597.webp?w=48'}, {'name': 'Trinbago Knight Riders', 'shortname': 'TKR', 'img': 'https://g.cricapi.com/iapi/293-637932465560269082.png?w=48'}]","[{'r': 211, 'w': 4, 'o': 20, 'inning': 'Saint Lucia Kings Inning 1'}, {'r': 175, 'w': 6, 'o': 20, 'inning': 'Trinbago Knight Riders Inning 1'}]",929c36f6-9ed6-4cec-a2ad-910a2ee4f701,False,False,True,True,True
292,d9c33252-aad4-46a8-bc6d-ca87211717a5,"Antigua and Barbuda Falcons vs Barbados Tridents, 16th Match, Caribbean Premier League 2026",t20,Antigua and Barbuda Falcons won by 30 runs,"Sir Vivian Richards Stadium, North Sound, Antigua",2026-08-25,2026-08-25T23:00:00,"['Antigua and Barbuda Falcons', 'Barbados Tridents']","[{'name': 'Antigua and Barbuda Falcons', 'shortname': 'ABF', 'img': 'https://h.cricapi.com/img/icon512.png'}, {'name': 'Barbados Tridents', 'img': 'https://h.cricapi.com/img/icon512.png'}]","[{'r': 155, 'w': 5, 'o': 20, 'inning': 'Barbados Tridents Inning 1'}, {'r': 125, 'w': 10, 'o': 18, 'inning': 'Antigua and Barbuda Falcons Inning 1'}]",929c36f6-9ed6-4cec-a2ad-910a2ee4f701,False,False,True,True,True
293,82fc5df7-fe9f-4970-972f-993a0c251c14,"Antigua and Barbuda Falcons vs Guyana Amazon Warriors, 15th Match, Caribbean Premier League 2026",t20,Guyana Amazon Warriors won by 7 wkts,"Sir Vivian Richards Stadium, North Sound, Antigua",2026-08-23,2026-08-23T23:00:00,"['Antigua and Barbuda Falcons', 'Guyana Amazon Warriors']","[{'name': 'Antigua and Barbuda Falcons', 'shortname': 'ABF', 'img': 'https://h.cricapi.com/img/icon512.png'}, {'name': 'Guyana Amazon Warriors', 'shortname': 'GAW', 'img': 'https://g.cricapi.com/iapi/174-637945408285271060.webp?w=48'}]","[{'r': 116, 'w': 10, 'o': 17, 'inning': 'Antigua and Barbuda Falcons Inning 1'}, {'r': 121, 'w': 3, 'o': 9.5, 'inning': 'Guyana Amazon Warriors Inning 1'}]",929c36f6-9ed6-4cec-a2ad-910a2ee4f701,False,False,True,True,True
294,0a2f4fd1-eb88-4e99-a527-71a8a34775a4,"Trichy Grand Cholas vs Vida Kovai Kings, Qualifier 2, Tamil Nadu Premier League 2026",t20,Vida Kovai Kings won by 84 runs,"MA Chidambaram Stadium, Chennai",2026-08-26,2026-08-26T14:00:00,"['Trichy Grand Cholas', 'Vida Kovai Kings']","[{'name': 'Trichy Grand Cholas', 'shortname': 'TGC', 'img': 'https://h.cricapi.com/img/icon512.png'}, {'name': 'Vida Kovai Kings', 'img': 'https://h.cricapi.com/img/icon512.png'}]","[{'r': 183, 'w': 5, 'o': 20, 'inning': 'vida kovai kings Inning 1'}, {'r': 99, 'w': 10, 'o': 15.4, 'inning': 'Trichy Grand Cholas,Vida Kovai Kings Inning 1'}]",6c3c5876-5cfc-4490-9c8e-8ba90aec4323,False,False,True,True,True
295,bb130949-5eaa-46ff-89d5-883839da1e3a,"Vida Kovai Kings vs IDream Tiruppur Tamizhans, Eliminator, Tamil Nadu Premier League 2026",t20,No result due to rain,"MA Chidambaram Stadium, Chennai",2026-08-24,2026-08-24T14:00:00,"['Vida Kovai Kings', 'IDream Tiruppur Tamizhans']","[{'name': 'IDream Tiruppur Tamizhans', 'shortname': 'ITT', 'img': 'https://g.cricapi.com/iapi/181-637945148142038694.webp?w=48'}, {'name': 'Vida Kovai Kings', 'img': 'https://h.cricapi.com/img/icon512.png'}]","[{'r': 15, 'w': 0, 'o': 3, 'inning': 'IDream Tiruppur Tamizhans Inning 1'}]",6c3c5876-5cfc-4490-9c8e-8ba90aec4323,False,False,True,True,True
296,7d79a71a-0bd5-41eb-8920-6eae1081ba7e,"Madurai Panthers vs Trichy Grand Cholas, Qualifier 1, Tamil Nadu Premier League 2026",t20,No result due to rain - Madurai Panthers opt to bowl,"MA Chidambaram Stadium, Chennai",2026-08-23,2026-08-23T14:00:00,"['Madurai Panthers', 'Trichy Grand Cholas']","[{'name': 'Madurai Panthers', 'shortname': 'MP', 'img': 'https://g.cricapi.com/iapi/217-637940203723122310.webp?w=48'}, {'name': 'Trichy Grand Cholas', 'shortname': 'TGC', 'img': 'https://h.cricapi.com/img/icon512.png'}]","[{'r': 50, 'w': 1, 'o': 4.5, 'inning': 'Trichy Grand Cholas Inning 1'}]",6c3c5876-5cfc-4490-9c8e-8ba90aec4323,False,False,True,True,True
297,2b5a029a-aa13-4d1b-9bbe-cb6446ee7e9b,"Durham vs Gloucestershire, 40th Match, County Championship Division Two 2026",test,Day 1: 2nd Session - Durham opt to bowl,"Riverside Ground, Chester-le-Street",2026-08-27,2026-08-27T10:00:00,"['Durham', 'Gloucestershire']","[{'name': 'Durham', 'shortname': 'DURH', 'img': 'https://g.cricapi.com/iapi/1118-637889090599643548.webp?w=48'}, {'name': 'Gloucestershire', 'shortname': 'GLOU', 'img': 'https://g.cricapi.com/iapi/1121-637885550747990018.webp?w=48'}]","[{'r': 106, 'w': 5, 'o': 30, 'inning': 'Gloucestershire Inning 1'}]",dfe730c5-873d-44ce-955c-00d82716749b,False,False,True,True,False
298,cb970852-df8b-48bf-8b2f-7098db5e19d9,"Essex vs Surrey, 47th Match, County Championship Division One 2026",test,Day 1: 2nd Session - Essex opt to bowl,"The Ambassador Cruise Line Ground, Chelmsford",2026-08-27,2026-08-27T10:00:00,"['Essex', 'Surrey']","[{'name': 'Essex', 'shortname': 'ESX', 'img': 'https://g.cricapi.com/iapi/1119-637885549753088458.webp?w=48'}, {'name': 'Surrey', 'shortname': 'SUR', 'img': 'https://g.cricapi.com/iapi/1133-637885552361099530.webp?w=48'}]","[{'r': 16, 'w': 1, 'o': 6, 'inning': 'Surrey Inning 1'}]",fc9cfc65-4ff6-47c4-baa2-05cc39830e5a,False,False,True,True,False
299,80b734be-dda7-4fbf-bd08-f00321aeb492,"Yorkshire vs Leicestershire, 48th Match, County Championship Division One 2026",test,Day 1: 2nd Session - Leicestershire opt to bowl,"North Marine Road Ground, Scarborough",2026-08-27,2026-08-27T10:00:00,"['Yorkshire', 'Leicestershire']","[{'name': 'Leicestershire', 'shortname': 'LECS', 'img': 'https://g.cricapi.com/iapi/1126-637889090878436462.webp?w=48'}, {'name': 'Yorkshire', 'shortname': 'YRK', 'img': 'https://g.cricapi.com/iapi/1139-637885552795894277.webp?w=48'}]","[{'r': 98, 'w': 2, 'o': 32.3, 'inning': 'Yorkshire Inning 1'}]",fc9cfc65-4ff6-47c4-baa2-05cc39830e5a,False,False,True,True,False
300,72c97402-850a-40a1-93d7-d0466af31471,"Glamorgan vs Hampshire, 49th Match, County Championship Division One 2026",test,Day 1: 2nd Session - Glamorgan opt to bowl,"Sophia Gardens, Cardiff",2026-08-27,2026-08-27T10:00:00,"['Glamorgan', 'Hampshire']","[{'name': 'Glamorgan', 'shortname': 'GLAM', 'img': 'https://g.cricapi.com/iapi/1120-637889090390357869.webp?w=48'}, {'name': 'Hampshire', 'shortname': 'HAM', 'img': 'https://g.cricapi.com/iapi/1122-637885550993657486.webp?w=48'}]","[{'r': 107, 'w': 5, 'o': 25.1, 'inning': 'Hampshire Inning 1'}]",fc9cfc65-4ff6-47c4-baa2-05cc39830e5a,False,False,True,True,False
301,3c647e81-d74e-47a3-90fb-e1d3f451d5f6,"Sussex vs Somerset, 50th Match, County Championship Division One 2026",test,Day 1: 2nd Session - Sussex opt to bowl,"County Ground, Hove",2026-08-27,2026-08-27T10:00:00,"['Sussex', 'Somerset']","[{'name': 'Somerset', 'shortname': 'SOM', 'img': 'https://g.cricapi.com/iapi/1131-637885552070524344.webp?w=48'}, {'name': 'Sussex', 'shortname': 'SUSS', 'img': 'https://g.cricapi.com/iapi/1134-637889091814592518.webp?w=48'}]","[{'r': 96, 'w': 5, 'o': 31.3, 'inning': 'Somerset Inning 1'}]",fc9cfc65-4ff6-47c4-baa2-05cc39830e5a,False,False,True,True,False
302,cc1c57c0-7ecf-4556-8465-47bbac896427,"England vs Pakistan, 2nd Test, Pakistan tour of England 2026",test,Day 1: 1st Session - Pakistan opt to bowl,"Lord's, London",2026-08-27,2026-08-27T10:00:00,"['England', 'Pakistan']","[{'name': 'England', 'shortname': 'ENG', 'img': 'https://g.cricapi.com/iapi/23-637877072894080569.webp?w=48'}, {'name': 'Pakistan', 'shortname': 'PAK', 'img': 'https://g.cricapi.com/iapi/66-637877075103236690.webp?w=48'}]","[{'r': 78, 'w': 4, 'o': 17.2, 'inning': 'England Inning 1'}]",4f8f04e8-8c11-402d-9bc3-48c09603d9d8,False,False,True,True,False
303,d7ad6f40-5f17-4a8e-8552-044453e33b43,"Luxembourg Women vs Belgium Women, 4th T20I, Belgium Women tour of Luxembourg, 2026",t20,Luxembourg Women won by 47 runs,"Pierre Werner Cricket Ground, Walferdange",2026-08-23,2026-08-23T13:30:00,"['Luxembourg Women', 'Belgium Women']","[{'name': 'Belgium Women', 'shortname': 'BW', 'img': 'https://h.cricapi.com/img/icon512.png'}, {'name': 'Luxembourg Women', 'shortname': 'LW', 'img': 'https://g.cricapi.com/iapi/623-637869397000752571.webp?w=48'}]","[{'r': 194, 'w': 0, 'o': 20, 'inning': 'Luxembourg Women Inning 1'}, {'r': 147, 'w': 8, 'o': 20, 'inning': 'Belgium Women Inning 1'}]",2959c81f-9df4-41f8-b9d7-f316975d9677,False,False,False,True,True
304,67c75be2-2cbe-4d4a-9b42-a71277bceab6,"Luxembourg Women vs Belgium Women, 3rd T20I, Belgium Women tour of Luxembourg, 2026",t20,Luxembourg Women won by 4 wkts,"Pierre Werner Cricket Ground, Walferdange",2026-08-23,2026-08-23T08:30:00,"['Luxembourg Women', 'Belgium Women']","[{'name': 'Belgium Women', 'shortname': 'BW', 'img': 'https://h.cricapi.com/img/icon512.png'}, {'name': 'Luxembourg Women', 'shortname': 'LW', 'img': 'https://g.cricapi.com/iapi/623-637869397000752571.webp?w=48'}]","[{'r': 121, 'w': 7, 'o': 20, 'inning': 'Belgium Women Inning 1'}, {'r': 122, 'w': 6, 'o': 18.4, 'inning': 'Luxembourg Women Inning 1'}]",2959c81f-9df4-41f8-b9d7-f316975d9677,False,False,False,True,True
305,1fa3bd8a-4bac-4ebb-b022-aba8281467e3,"Tanzania Women vs Uganda Women, 12th Match, Womens T20I Quadrangular Series in Namibia 2026",t20,Tanzania Women awarded the match (opposition refused to play),"Namibia Cricket Ground, Windhoek",2026-07-28,2026-07-28T12:00:00,"['Tanzania Women', 'Uganda Women']","[{'name': 'Tanzania Women', 'shortname': 'TAN-W', 'img': 'https://g.cricapi.com/iapi/3614-638101761273860958.webp?w=48'}, {'name': 'Uganda Women', 'shortname': 'UGAW', 'img': 'https://g.cricapi.com/iapi/1135-637877086844153505.webp?w=48'}]","[{'r': 116, 'w': 2, 'o': 16.4, 'inning': 'Uganda Women Inning 1'}]",3014a459-6e69-4f64-86eb-2f30a2cdbd0b,True,False,False,True,False
306,d13e1f53-6487-4b61-8b28-84c9833b3e42,"Trinbago Knight Riders vs Saint Lucia Kings, 17th Match, Caribbean Premier League 2026",t20,Saint Lucia Kings won by 36 runs,"Brian Lara Stadium, Tarouba, Trinidad",2026-08-26,2026-08-26T23:00:00,"['Trinbago Knight Riders', 'Saint Lucia Kings']","[{'name': 'Saint Lucia Kings', 'shortname': 'SLK', 'img': 'https://g.cricapi.com/iapi/266-637937643184202597.webp?w=48'}, {'name': 'Trinbago Knight Riders', 'shortname': 'TKR', 'img': 'https://g.cricapi.com/iapi/293-637932465560269082.png?w=48'}]","[{'r': 211, 'w': 4, 'o': 20, 'inning': 'Saint Lucia Kings Inning 1'}, {'r': 175, 'w': 6, 'o': 20, 'inning': 'Trinbago Knight Riders Inning 1'}]",929c36f6-9ed6-4cec-a2ad-910a2ee4f701,False,False,True,True,True
307,d9c33252-aad4-46a8-bc6d-ca87211717a5,"Antigua and Barbuda Falcons vs Barbados Tridents, 16th Match, Caribbean Premier League 2026",t20,Antigua and Barbuda Falcons won by 30 runs,"Sir Vivian Richards Stadium, North Sound, Antigua",2026-08-25,2026-08-25T23:00:00,"['Antigua and Barbuda Falcons', 'Barbados Tridents']","[{'name': 'Antigua and Barbuda Falcons', 'shortname': 'ABF', 'img': 'https://h.cricapi.com/img/icon512.png'}, {'name': 'Barbados Tridents', 'img': 'https://h.cricapi.com/img/icon512.png'}]","[{'r': 155, 'w': 5, 'o': 20, 'inning': 'Barbados Tridents Inning 1'}, {'r': 125, 'w': 10, 'o': 18, 'inning': 'Antigua and Barbuda Falcons Inning 1'}]",929c36f6-9ed6-4cec-a2ad-910a2ee4f701,False,False,True,True,True
308,82fc5df7-fe9f-4970-972f-993a0c251c14,"Antigua and Barbuda Falcons vs Guyana Amazon Warriors, 15th Match, Caribbean Premier League 2026",t20,Guyana Amazon Warriors won by 7 wkts,"Sir Vivian Richards Stadium, North Sound, Antigua",2026-08-23,2026-08-23T23:00:00,"['Antigua and Barbuda Falcons', 'Guyana Amazon Warriors']","[{'name': 'Antigua and Barbuda Falcons', 'shortname': 'ABF', 'img': 'https://h.cricapi.com/img/icon512.png'}, {'name': 'Guyana Amazon Warriors', 'shortname': 'GAW', 'img': 'https://g.cricapi.com/iapi/174-637945408285271060.webp?w=48'}]","[{'r': 116, 'w': 10, 'o': 17, 'inning': 'Antigua and Barbuda Falcons Inning 1'}, {'r': 121, 'w': 3, 'o': 9.5, 'inning': 'Guyana Amazon Warriors Inning 1'}]",929c36f6-9ed6-4cec-a2ad-910a2ee4f701,False,False,True,True,True
309,0a2f4fd1-eb88-4e99-a527-71a8a34775a4,"Trichy Grand Cholas vs Vida Kovai Kings, Qualifier 2, Tamil Nadu Premier League 2026",t20,Vida Kovai Kings won by 84 runs,"MA Chidambaram Stadium, Chennai",2026-08-26,2026-08-26T14:00:00,"['Trichy Grand Cholas', 'Vida Kovai Kings']","[{'name': 'Trichy Grand Cholas', 'shortname': 'TGC', 'img': 'https://h.cricapi.com/img/icon512.png'}, {'name': 'Vida Kovai Kings', 'img': 'https://h.cricapi.com/img/icon512.png'}]","[{'r': 183, 'w': 5, 'o': 20, 'inning': 'vida kovai kings Inning 1'}, {'r': 99, 'w': 10, 'o': 15.4, 'inning': 'Trichy Grand Cholas,Vida Kovai Kings Inning 1'}]",6c3c5876-5cfc-4490-9c8e-8ba90aec4323,False,False,True,True,True
310,bb130949-5eaa-46ff-89d5-883839da1e3a,"Vida Kovai Kings vs IDream Tiruppur Tamizhans, Eliminator, Tamil Nadu Premier League 2026",t20,No result due to rain,"MA Chidambaram Stadium, Chennai",2026-08-24,2026-08-24T14:00:00,"['Vida Kovai Kings', 'IDream Tiruppur Tamizhans']","[{'name': 'IDream Tiruppur Tamizhans', 'shortname': 'ITT', 'img': 'https://g.cricapi.com/iapi/181-637945148142038694.webp?w=48'}, {'name': 'Vida Kovai Kings', 'img': 'https://h.cricapi.com/img/icon512.png'}]","[{'r': 15, 'w': 0, 'o': 3, 'inning': 'IDream Tiruppur Tamizhans Inning 1'}]",6c3c5876-5cfc-4490-9c8e-8ba90aec4323,False,False,True,True,True
311,7d79a71a-0bd5-41eb-8920-6eae1081ba7e,"Madurai Panthers vs Trichy Grand Cholas, Qualifier 1, Tamil Nadu Premier League 2026",t20,No result due to rain - Madurai Panthers opt to bowl,"MA Chidambaram Stadium, Chennai",2026-08-23,2026-08-23T14:00:00,"['Madurai Panthers', 'Trichy Grand Cholas']","[{'name': 'Madurai Panthers', 'shortname': 'MP', 'img': 'https://g.cricapi.com/iapi/217-637940203723122310.webp?w=48'}, {'name': 'Trichy Grand Cholas', 'shortname': 'TGC', 'img': 'https://h.cricapi.com/img/icon512.png'}]","[{'r': 50, 'w': 1, 'o': 4.5, 'inning': 'Trichy Grand Cholas Inning 1'}]",6c3c5876-5cfc-4490-9c8e-8ba90aec4323,False,False,True,True,True
312,2b5a029a-aa13-4d1b-9bbe-cb6446ee7e9b,"Durham vs Gloucestershire, 40th Match, County Championship Division Two 2026",test,Day 1: 2nd Session - Durham opt to bowl,"Riverside Ground, Chester-le-Street",2026-08-27,2026-08-27T10:00:00,"['Durham', 'Gloucestershire']","[{'name': 'Durham', 'shortname': 'DURH', 'img': 'https://g.cricapi.com/iapi/1118-637889090599643548.webp?w=48'}, {'name': 'Gloucestershire', 'shortname': 'GLOU', 'img': 'https://g.cricapi.com/iapi/1121-637885550747990018.webp?w=48'}]","[{'r': 106, 'w': 5, 'o': 30, 'inning': 'Gloucestershire Inning 1'}]",dfe730c5-873d-44ce-955c-00d82716749b,False,False,True,True,False
313,cb970852-df8b-48bf-8b2f-7098db5e19d9,"Essex vs Surrey, 47th Match, County Championship Division One 2026",test,Day 1: 2nd Session - Essex opt to bowl,"The Ambassador Cruise Line Ground, Chelmsford",2026-08-27,2026-08-27T10:00:00,"['Essex', 'Surrey']","[{'name': 'Essex', 'shortname': 'ESX', 'img': 'https://g.cricapi.com/iapi/1119-637885549753088458.webp?w=48'}, {'name': 'Surrey', 'shortname': 'SUR', 'img': 'https://g.cricapi.com/iapi/1133-637885552361099530.webp?w=48'}]","[{'r': 16, 'w': 1, 'o': 6, 'inning': 'Surrey Inning 1'}]",fc9cfc65-4ff6-47c4-baa2-05cc39830e5a,False,False,True,True,False
314,80b734be-dda7-4fbf-bd08-f00321aeb492,"Yorkshire vs Leicestershire, 48th Match, County Championship Division One 2026",test,Day 1: 2nd Session - Leicestershire opt to bowl,"North Marine Road Ground, Scarborough",2026-08-27,2026-08-27T10:00:00,"['Yorkshire', 'Leicestershire']","[{'name': 'Leicestershire', 'shortname': 'LECS', 'img': 'https://g.cricapi.com/iapi/1126-637889090878436462.webp?w=48'}, {'name': 'Yorkshire', 'shortname': 'YRK', 'img': 'https://g.cricapi.com/iapi/1139-637885552795894277.webp?w=48'}]","[{'r': 98, 'w': 2, 'o': 32.3, 'inning': 'Yorkshire Inning 1'}]",fc9cfc65-4ff6-47c4-baa2-05cc39830e5a,False,False,True,True,False
315,72c97402-850a-40a1-93d7-d0466af31471,"Glamorgan vs Hampshire, 49th Match, County Championship Division One 2026",test,Day 1: 2nd Session - Glamorgan opt to bowl,"Sophia Gardens, Cardiff",2026-08-27,2026-08-27T10:00:00,"['Glamorgan', 'Hampshire']","[{'name': 'Glamorgan', 'shortname': 'GLAM', 'img': 'https://g.cricapi.com/iapi/1120-637889090390357869.webp?w=48'}, {'name': 'Hampshire', 'shortname': 'HAM', 'img': 'https://g.cricapi.com/iapi/1122-637885550993657486.webp?w=48'}]","[{'r': 107, 'w': 5, 'o': 25.1, 'inning': 'Hampshire Inning 1'}]",fc9cfc65-4ff6-47c4-baa2-05cc39830e5a,False,False,True,True,False
316,3c647e81-d74e-47a3-90fb-e1d3f451d5f6,"Sussex vs Somerset, 50th Match, County Championship Division One 2026",test,Day 1: 2nd Session - Sussex opt to bowl,"County Ground, Hove",2026-08-27,2026-08-27T10:00:00,"['Sussex', 'Somerset']","[{'name': 'Somerset', 'shortname': 'SOM', 'img': 'https://g.cricapi.com/iapi/1131-637885552070524344.webp?w=48'}, {'name': 'Sussex', 'shortname': 'SUSS', 'img': 'https://g.cricapi.com/iapi/1134-637889091814592518.webp?w=48'}]","[{'r': 96, 'w': 5, 'o': 31.3, 'inning': 'Somerset Inning 1'}]",fc9cfc65-4ff6-47c4-baa2-05cc39830e5a,False,False,True,True,False
317,cc1c57c0-7ecf-4556-8465-47bbac896427,"England vs Pakistan, 2nd Test, Pakistan tour of England 2026",test,Day 1: 1st Session - Pakistan opt to bowl,"Lord's, London",2026-08-27,2026-08-27T10:00:00,"['England', 'Pakistan']","[{'name': 'England', 'shortname': 'ENG', 'img': 'https://g.cricapi.com/iapi/23-637877072894080569.webp?w=48'}, {'name': 'Pakistan', 'shortname': 'PAK', 'img': 'https://g.cricapi.com/iapi/66-637877075103236690.webp?w=48'}]","[{'r': 78, 'w': 4, 'o': 17.2, 'inning': 'England Inning 1'}]",4f8f04e8-8c11-402d-9bc3-48c09603d9d8,False,False,True,True,False
318,d7ad6f40-5f17-4a8e-8552-044453e33b43,"Luxembourg Women vs Belgium Women, 4th T20I, Belgium Women tour of Luxembourg, 2026",t20,Luxembourg Women won by 47 runs,"Pierre Werner Cricket Ground, Walferdange",2026-08-23,2026-08-23T13:30:00,"['Luxembourg Women', 'Belgium Women']","[{'name': 'Belgium Women', 'shortname': 'BW', 'img': 'https://h.cricapi.com/img/icon512.png'}, {'name': 'Luxembourg Women', 'shortname': 'LW', 'img': 'https://g.cricapi.com/iapi/623-637869397000752571.webp?w=48'}]","[{'r': 194, 'w': 0, 'o': 20, 'inning': 'Luxembourg Women Inning 1'}, {'r': 147, 'w': 8, 'o': 20, 'inning': 'Belgium Women Inning 1'}]",2959c81f-9df4-41f8-b9d7-f316975d9677,False,False,False,True,True
319,67c75be2-2cbe-4d4a-9b42-a71277bceab6,"Luxembourg Women vs Belgium Women, 3rd T20I, Belgium Women tour of Luxembourg, 2026",t20,Luxembourg Women won by 4 wkts,"Pierre Werner Cricket Ground, Walferdange",2026-08-23,2026-08-23T08:30:00,"['Luxembourg Women', 'Belgium Women']","[{'name': 'Belgium Women', 'shortname': 'BW', 'img': 'https://h.cricapi.com/img/icon512.png'}, {'name': 'Luxembourg Women', 'shortname': 'LW', 'img': 'https://g.cricapi.com/iapi/623-637869397000752571.webp?w=48'}]","[{'r': 121, 'w': 7, 'o': 20, 'inning': 'Belgium Women Inning 1'}, {'r': 122, 'w': 6, 'o': 18.4, 'inning': 'Luxembourg Women Inning 1'}]",2959c81f-9df4-41f8-b9d7-f316975d9677,False,False,False,True,True
320,1fa3bd8a-4bac-4ebb-b022-aba8281467e3,"Tanzania Women vs Uganda Women, 12th Match, Womens T20I Quadrangular Series in Namibia 2026",t20,Tanzania Women awarded the match (opposition refused to play),"Namibia Cricket Ground, Windhoek",2026-07-28,2026-07-28T12:00:00,"['Tanzania Women', 'Uganda Women']","[{'name': 'Tanzania Women', 'shortname': 'TAN-W', 'img': 'https://g.cricapi.com/iapi/3614-638101761273860958.webp?w=48'}, {'name': 'Uganda Women', 'shortname': 'UGAW', 'img': 'https://g.cricapi.com/iapi/1135-637877086844153505.webp?w=48'}]","[{'r': 116, 'w': 2, 'o': 16.4, 'inning': 'Uganda Women Inning 1'}]",3014a459-6e69-4f64-86eb-2f30a2cdbd0b,True,False,False,True,False
321,d13e1f53-6487-4b61-8b28-84c9833b3e42,"Trinbago Knight Riders vs Saint Lucia Kings, 17th Match, Caribbean Premier League 2026",t20,Saint Lucia Kings won by 36 runs,"Brian Lara Stadium, Tarouba, Trinidad",2026-08-26,2026-08-26T23:00:00,"['Trinbago Knight Riders', 'Saint Lucia Kings']","[{'name': 'Saint Lucia Kings', 'shortname': 'SLK', 'img': 'https://g.cricapi.com/iapi/266-637937643184202597.webp?w=48'}, {'name': 'Trinbago Knight Riders', 'shortname': 'TKR', 'img': 'https://g.cricapi.com/iapi/293-637932465560269082.png?w=48'}]","[{'r': 211, 'w': 4, 'o': 20, 'inning': 'Saint Lucia Kings Inning 1'}, {'r': 175, 'w': 6, 'o': 20, 'inning': 'Trinbago Knight Riders Inning 1'}]",929c36f6-9ed6-4cec-a2ad-910a2ee4f701,False,False,True,True,True
322,d9c33252-aad4-46a8-bc6d-ca87211717a5,"Antigua and Barbuda Falcons vs Barbados Tridents, 16th Match, Caribbean Premier League 2026",t20,Antigua and Barbuda Falcons won by 30 runs,"Sir Vivian Richards Stadium, North Sound, Antigua",2026-08-25,2026-08-25T23:00:00,"['Antigua and Barbuda Falcons', 'Barbados Tridents']","[{'name': 'Antigua and Barbuda Falcons', 'shortname': 'ABF', 'img': 'https://h.cricapi.com/img/icon512.png'}, {'name': 'Barbados Tridents', 'img': 'https://h.cricapi.com/img/icon512.png'}]","[{'r': 155, 'w': 5, 'o': 20, 'inning': 'Barbados Tridents Inning 1'}, {'r': 125, 'w': 10, 'o': 18, 'inning': 'Antigua and Barbuda Falcons Inning 1'}]",929c36f6-9ed6-4cec-a2ad-910a2ee4f701,False,False,True,True,True
323,82fc5df7-fe9f-4970-972f-993a0c251c14,"Antigua and Barbuda Falcons vs Guyana Amazon Warriors, 15th Match, Caribbean Premier League 2026",t20,Guyana Amazon Warriors won by 7 wkts,"Sir Vivian Richards Stadium, North Sound, Antigua",2026-08-23,2026-08-23T23:00:00,"['Antigua and Barbuda Falcons', 'Guyana Amazon Warriors']","[{'name': 'Antigua and Barbuda Falcons', 'shortname': 'ABF', 'img': 'https://h.cricapi.com/img/icon512.png'}, {'name': 'Guyana Amazon Warriors', 'shortname': 'GAW', 'img': 'https://g.cricapi.com/iapi/174-637945408285271060.webp?w=48'}]","[{'r': 116, 'w': 10, 'o': 17, 'inning': 'Antigua and Barbuda Falcons Inning 1'}, {'r': 121, 'w': 3, 'o': 9.5, 'inning': 'Guyana Amazon Warriors Inning 1'}]",929c36f6-9ed6-4cec-a2ad-910a2ee4f701,False,False,True,True,True
324,0a2f4fd1-eb88-4e99-a527-71a8a34775a4,"Trichy Grand Cholas vs Vida Kovai Kings, Qualifier 2, Tamil Nadu Premier League 2026",t20,Vida Kovai Kings won by 84 runs,"MA Chidambaram Stadium, Chennai",2026-08-26,2026-08-26T14:00:00,"['Trichy Grand Cholas', 'Vida Kovai Kings']","[{'name': 'Trichy Grand Cholas', 'shortname': 'TGC', 'img': 'https://h.cricapi.com/img/icon512.png'}, {'name': 'Vida Kovai Kings', 'img': 'https://h.cricapi.com/img/icon512.png'}]","[{'r': 183, 'w': 5, 'o': 20, 'inning': 'vida kovai kings Inning 1'}, {'r': 99, 'w': 10, 'o': 15.4, 'inning': 'Trichy Grand Cholas,Vida Kovai Kings Inning 1'}]",6c3c5876-5cfc-4490-9c8e-8ba90aec4323,False,False,True,True,True
325,bb130949-5eaa-46ff-89d5-883839da1e3a,"Vida Kovai Kings vs IDream Tiruppur Tamizhans, Eliminator, Tamil Nadu Premier League 2026",t20,No result due to rain,"MA Chidambaram Stadium, Chennai",2026-08-24,2026-08-24T14:00:00,"['Vida Kovai Kings', 'IDream Tiruppur Tamizhans']","[{'name': 'IDream Tiruppur Tamizhans', 'shortname': 'ITT', 'img': 'https://g.cricapi.com/iapi/181-637945148142038694.webp?w=48'}, {'name': 'Vida Kovai Kings', 'img': 'https://h.cricapi.com/img/icon512.png'}]","[{'r': 15, 'w': 0, 'o': 3, 'inning': 'IDream Tiruppur Tamizhans Inning 1'}]",6c3c5876-5cfc-4490-9c8e-8ba90aec4323,False,False,True,True,True
326,7d79a71a-0bd5-41eb-8920-6eae1081ba7e,"Madurai Panthers vs Trichy Grand Cholas, Qualifier 1, Tamil Nadu Premier League 2026",t20,No result due to rain - Madurai Panthers opt to bowl,"MA Chidambaram Stadium, Chennai",2026-08-23,2026-08-23T14:00:00,"['Madurai Panthers', 'Trichy Grand Cholas']","[{'name': 'Madurai Panthers', 'shortname': 'MP', 'img': 'https://g.cricapi.com/iapi/217-637940203723122310.webp?w=48'}, {'name': 'Trichy Grand Cholas', 'shortname': 'TGC', 'img': 'https://h.cricapi.com/img/icon512.png'}]","[{'r': 50, 'w': 1, 'o': 4.5, 'inning': 'Trichy Grand Cholas Inning 1'}]",6c3c5876-5cfc-4490-9c8e-8ba90aec4323,False,False,True,True,True
327,2b5a029a-aa13-4d1b-9bbe-cb6446ee7e9b,"Durham vs Gloucestershire, 40th Match, County Championship Division Two 2026",test,Day 1: 2nd Session - Durham opt to bowl,"Riverside Ground, Chester-le-Street",2026-08-27,2026-08-27T10:00:00,"['Durham', 'Gloucestershire']","[{'name': 'Durham', 'shortname': 'DURH', 'img': 'https://g.cricapi.com/iapi/1118-637889090599643548.webp?w=48'}, {'name': 'Gloucestershire', 'shortname': 'GLOU', 'img': 'https://g.cricapi.com/iapi/1121-637885550747990018.webp?w=48'}]","[{'r': 106, 'w': 5, 'o': 30, 'inning': 'Gloucestershire Inning 1'}]",dfe730c5-873d-44ce-955c-00d82716749b,False,False,True,True,False
328,cb970852-df8b-48bf-8b2f-7098db5e19d9,"Essex vs Surrey, 47th Match, County Championship Division One 2026",test,Day 1: 2nd Session - Essex opt to bowl,"The Ambassador Cruise Line Ground, Chelmsford",2026-08-27,2026-08-27T10:00:00,"['Essex', 'Surrey']","[{'name': 'Essex', 'shortname': 'ESX', 'img': 'https://g.cricapi.com/iapi/1119-637885549753088458.webp?w=48'}, {'name': 'Surrey', 'shortname': 'SUR', 'img': 'https://g.cricapi.com/iapi/1133-637885552361099530.webp?w=48'}]","[{'r': 16, 'w': 1, 'o': 6, 'inning': 'Surrey Inning 1'}]",fc9cfc65-4ff6-47c4-baa2-05cc39830e5a,False,False,True,True,False
329,80b734be-dda7-4fbf-bd08-f00321aeb492,"Yorkshire vs Leicestershire, 48th Match, County Championship Division One 2026",test,Day 1: 2nd Session - Leicestershire opt to bowl,"North Marine Road Ground, Scarborough",2026-08-27,2026-08-27T10:00:00,"['Yorkshire', 'Leicestershire']","[{'name': 'Leicestershire', 'shortname': 'LECS', 'img': 'https://g.cricapi.com/iapi/1126-637889090878436462.webp?w=48'}, {'name': 'Yorkshire', 'shortname': 'YRK', 'img': 'https://g.cricapi.com/iapi/1139-637885552795894277.webp?w=48'}]","[{'r': 98, 'w': 2, 'o': 32.3, 'inning': 'Yorkshire Inning 1'}]",fc9cfc65-4ff6-47c4-baa2-05cc39830e5a,False,False,True,True,False
330,72c97402-850a-40a1-93d7-d0466af31471,"Glamorgan vs Hampshire, 49th Match, County Championship Division One 2026",test,Day 1: 2nd Session - Glamorgan opt to bowl,"Sophia Gardens, Cardiff",2026-08-27,2026-08-27T10:00:00,"['Glamorgan', 'Hampshire']","[{'name': 'Glamorgan', 'shortname': 'GLAM', 'img': 'https://g.cricapi.com/iapi/1120-637889090390357869.webp?w=48'}, {'name': 'Hampshire', 'shortname': 'HAM', 'img': 'https://g.cricapi.com/iapi/1122-637885550993657486.webp?w=48'}]","[{'r': 107, 'w': 5, 'o': 25.1, 'inning': 'Hampshire Inning 1'}]",fc9cfc65-4ff6-47c4-baa2-05cc39830e5a,False,False,True,True,False
331,3c647e81-d74e-47a3-90fb-e1d3f451d5f6,"Sussex vs Somerset, 50th Match, County Championship Division One 2026",test,Day 1: 2nd Session - Sussex opt to bowl,"County Ground, Hove",2026-08-27,2026-08-27T10:00:00,"['Sussex', 'Somerset']","[{'name': 'Somerset', 'shortname': 'SOM', 'img': 'https://g.cricapi.com/iapi/1131-637885552070524344.webp?w=48'}, {'name': 'Sussex', 'shortname': 'SUSS', 'img': 'https://g.cricapi.com/iapi/1134-637889091814592518.webp?w=48'}]","[{'r': 96, 'w': 5, 'o': 31.3, 'inning': 'Somerset Inning 1'}]",fc9cfc65-4ff6-47c4-baa2-05cc39830e5a,False,False,True,True,False
332,cc1c57c0-7ecf-4556-8465-47bbac896427,"England vs Pakistan, 2nd Test, Pakistan tour of England 2026",test,Day 1: 1st Session - Pakistan opt to bowl,"Lord's, London",2026-08-27,2026-08-27T10:00:00,"['England', 'Pakistan']","[{'name': 'England', 'shortname': 'ENG', 'img': 'https://g.cricapi.com/iapi/23-637877072894080569.webp?w=48'}, {'name': 'Pakistan', 'shortname': 'PAK', 'img': 'https://g.cricapi.com/iapi/66-637877075103236690.webp?w=48'}]","[{'r': 78, 'w': 4, 'o': 17.2, 'inning': 'England Inning 1'}]",4f8f04e8-8c11-402d-9bc3-48c09603d9d8,False,False,True,True,False
333,d7ad6f40-5f17-4a8e-8552-044453e33b43,"Luxembourg Women vs Belgium Women, 4th T20I, Belgium Women tour of Luxembourg, 2026",t20,Luxembourg Women won by 47 runs,"Pierre Werner Cricket Ground, Walferdange",2026-08-23,2026-08-23T13:30:00,"['Luxembourg Women', 'Belgium Women']","[{'name': 'Belgium Women', 'shortname': 'BW', 'img': 'https://h.cricapi.com/img/icon512.png'}, {'name': 'Luxembourg Women', 'shortname': 'LW', 'img': 'https://g.cricapi.com/iapi/623-637869397000752571.webp?w=48'}]","[{'r': 194, 'w': 0, 'o': 20, 'inning': 'Luxembourg Women Inning 1'}, {'r': 147, 'w': 8, 'o': 20, 'inning': 'Belgium Women Inning 1'}]",2959c81f-9df4-41f8-b9d7-f316975d9677,False,False,False,True,True
334,67c75be2-2cbe-4d4a-9b42-a71277bceab6,"Luxembourg Women vs Belgium Women, 3rd T20I, Belgium Women tour of Luxembourg, 2026",t20,Luxembourg Women won by 4 wkts,"Pierre Werner Cricket Ground, Walferdange",2026-08-23,2026-08-23T08:30:00,"['Luxembourg Women', 'Belgium Women']","[{'name': 'Belgium Women', 'shortname': 'BW', 'img': 'https://h.cricapi.com/img/icon512.png'}, {'name': 'Luxembourg Women', 'shortname': 'LW', 'img': 'https://g.cricapi.com/iapi/623-637869397000752571.webp?w=48'}]","[{'r': 121, 'w': 7, 'o': 20, 'inning': 'Belgium Women Inning 1'}, {'r': 122, 'w': 6, 'o': 18.4, 'inning': 'Luxembourg Women Inning 1'}]",2959c81f-9df4-41f8-b9d7-f316975d9677,False,False,False,True,True
335,1fa3bd8a-4bac-4ebb-b022-aba8281467e3,"Tanzania Women vs Uganda Women, 12th Match, Womens T20I Quadrangular Series in Namibia 2026",t20,Tanzania Women awarded the match (opposition refused to play),"Namibia Cricket Ground, Windhoek",2026-07-28,2026-07-28T12:00:00,"['Tanzania Women', 'Uganda Women']","[{'name': 'Tanzania Women', 'shortname': 'TAN-W', 'img': 'https://g.cricapi.com/iapi/3614-638101761273860958.webp?w=48'}, {'name': 'Uganda Women', 'shortname': 'UGAW', 'img': 'https://g.cricapi.com/iapi/1135-637877086844153505.webp?w=48'}]","[{'r': 116, 'w': 2, 'o': 16.4, 'inning': 'Uganda Women Inning 1'}]",3014a459-6e69-4f64-86eb-2f30a2cdbd0b,True,False,False,True,False
336,d13e1f53-6487-4b61-8b28-84c9833b3e42,"Trinbago Knight Riders vs Saint Lucia Kings, 17th Match, Caribbean Premier League 2026",t20,Saint Lucia Kings won by 36 runs,"Brian Lara Stadium, Tarouba, Trinidad",2026-08-26,2026-08-26T23:00:00,"['Trinbago Knight Riders', 'Saint Lucia Kings']","[{'name': 'Saint Lucia Kings', 'shortname': 'SLK', 'img': 'https://g.cricapi.com/iapi/266-637937643184202597.webp?w=48'}, {'name': 'Trinbago Knight Riders', 'shortname': 'TKR', 'img': 'https://g.cricapi.com/iapi/293-637932465560269082.png?w=48'}]","[{'r': 211, 'w': 4, 'o': 20, 'inning': 'Saint Lucia Kings Inning 1'}, {'r': 175, 'w': 6, 'o': 20, 'inning': 'Trinbago Knight Riders Inning 1'}]",929c36f6-9ed6-4cec-a2ad-910a2ee4f701,False,False,True,True,True
337,d9c33252-aad4-46a8-bc6d-ca87211717a5,"Antigua and Barbuda Falcons vs Barbados Tridents, 16th Match, Caribbean Premier League 2026",t20,Antigua and Barbuda Falcons won by 30 runs,"Sir Vivian Richards Stadium, North Sound, Antigua",2026-08-25,2026-08-25T23:00:00,"['Antigua and Barbuda Falcons', 'Barbados Tridents']","[{'name': 'Antigua and Barbuda Falcons', 'shortname': 'ABF', 'img': 'https://h.cricapi.com/img/icon512.png'}, {'name': 'Barbados Tridents', 'img': 'https://h.cricapi.com/img/icon512.png'}]","[{'r': 155, 'w': 5, 'o': 20, 'inning': 'Barbados Tridents Inning 1'}, {'r': 125, 'w': 10, 'o': 18, 'inning': 'Antigua and Barbuda Falcons Inning 1'}]",929c36f6-9ed6-4cec-a2ad-910a2ee4f701,False,False,True,True,True
338,82fc5df7-fe9f-4970-972f-993a0c251c14,"Antigua and Barbuda Falcons vs Guyana Amazon Warriors, 15th Match, Caribbean Premier League 2026",t20,Guyana Amazon Warriors won by 7 wkts,"Sir Vivian Richards Stadium, North Sound, Antigua",2026-08-23,2026-08-23T23:00:00,"['Antigua and Barbuda Falcons', 'Guyana Amazon Warriors']","[{'name': 'Antigua and Barbuda Falcons', 'shortname': 'ABF', 'img': 'https://h.cricapi.com/img/icon512.png'}, {'name': 'Guyana Amazon Warriors', 'shortname': 'GAW', 'img': 'https://g.cricapi.com/iapi/174-637945408285271060.webp?w=48'}]","[{'r': 116, 'w': 10, 'o': 17, 'inning': 'Antigua and Barbuda Falcons Inning 1'}, {'r': 121, 'w': 3, 'o': 9.5, 'inning': 'Guyana Amazon Warriors Inning 1'}]",929c36f6-9ed6-4cec-a2ad-910a2ee4f701,False,False,True,True,True
339,0a2f4fd1-eb88-4e99-a527-71a8a34775a4,"Trichy Grand Cholas vs Vida Kovai Kings, Qualifier 2, Tamil Nadu Premier League 2026",t20,Vida Kovai Kings won by 84 runs,"MA Chidambaram Stadium, Chennai",2026-08-26,2026-08-26T14:00:00,"['Trichy Grand Cholas', 'Vida Kovai Kings']","[{'name': 'Trichy Grand Cholas', 'shortname': 'TGC', 'img': 'https://h.cricapi.com/img/icon512.png'}, {'name': 'Vida Kovai Kings', 'img': 'https://h.cricapi.com/img/icon512.png'}]","[{'r': 183, 'w': 5, 'o': 20, 'inning': 'vida kovai kings Inning 1'}, {'r': 99, 'w': 10, 'o': 15.4, 'inning': 'Trichy Grand Cholas,Vida Kovai Kings Inning 1'}]",6c3c5876-5cfc-4490-9c8e-8ba90aec4323,False,False,True,True,True
340,bb130949-5eaa-46ff-89d5-883839da1e3a,"Vida Kovai Kings vs IDream Tiruppur Tamizhans, Eliminator, Tamil Nadu Premier League 2026",t20,No result due to rain,"MA Chidambaram Stadium, Chennai",2026-08-24,2026-08-24T14:00:00,"['Vida Kovai Kings', 'IDream Tiruppur Tamizhans']","[{'name': 'IDream Tiruppur Tamizhans', 'shortname': 'ITT', 'img': 'https://g.cricapi.com/iapi/181-637945148142038694.webp?w=48'}, {'name': 'Vida Kovai Kings', 'img': 'https://h.cricapi.com/img/icon512.png'}]","[{'r': 15, 'w': 0, 'o': 3, 'inning': 'IDream Tiruppur Tamizhans Inning 1'}]",6c3c5876-5cfc-4490-9c8e-8ba90aec4323,False,False,True,True,True
341,7d79a71a-0bd5-41eb-8920-6eae1081ba7e,"Madurai Panthers vs Trichy Grand Cholas, Qualifier 1, Tamil Nadu Premier League 2026",t20,No result due to rain - Madurai Panthers opt to bowl,"MA Chidambaram Stadium, Chennai",2026-08-23,2026-08-23T14:00:00,"['Madurai Panthers', 'Trichy Grand Cholas']","[{'name': 'Madurai Panthers', 'shortname': 'MP', 'img': 'https://g.cricapi.com/iapi/217-637940203723122310.webp?w=48'}, {'name': 'Trichy Grand Cholas', 'shortname': 'TGC', 'img': 'https://h.cricapi.com/img/icon512.png'}]","[{'r': 50, 'w': 1, 'o': 4.5, 'inning': 'Trichy Grand Cholas Inning 1'}]",6c3c5876-5cfc-4490-9c8e-8ba90aec4323,False,False,True,True,True
342,2b5a029a-aa13-4d1b-9bbe-cb6446ee7e9b,"Durham vs Gloucestershire, 40th Match, County Championship Division Two 2026",test,Day 1: 2nd Session - Durham opt to bowl,"Riverside Ground, Chester-le-Street",2026-08-27,2026-08-27T10:00:00,"['Durham', 'Gloucestershire']","[{'name': 'Durham', 'shortname': 'DURH', 'img': 'https://g.cricapi.com/iapi/1118-637889090599643548.webp?w=48'}, {'name': 'Gloucestershire', 'shortname': 'GLOU', 'img': 'https://g.cricapi.com/iapi/1121-637885550747990018.webp?w=48'}]","[{'r': 106, 'w': 5, 'o': 30, 'inning': 'Gloucestershire Inning 1'}]",dfe730c5-873d-44ce-955c-00d82716749b,False,False,True,True,False
343,cb970852-df8b-48bf-8b2f-7098db5e19d9,"Essex vs Surrey, 47th Match, County Championship Division One 2026",test,Day 1: 2nd Session - Essex opt to bowl,"The Ambassador Cruise Line Ground, Chelmsford",2026-08-27,2026-08-27T10:00:00,"['Essex', 'Surrey']","[{'name': 'Essex', 'shortname': 'ESX', 'img': 'https://g.cricapi.com/iapi/1119-637885549753088458.webp?w=48'}, {'name': 'Surrey', 'shortname': 'SUR', 'img': 'https://g.cricapi.com/iapi/1133-637885552361099530.webp?w=48'}]","[{'r': 16, 'w': 1, 'o': 6, 'inning': 'Surrey Inning 1'}]",fc9cfc65-4ff6-47c4-baa2-05cc39830e5a,False,False,True,True,False
344,80b734be-dda7-4fbf-bd08-f00321aeb492,"Yorkshire vs Leicestershire, 48th Match, County Championship Division One 2026",test,Day 1: 2nd Session - Leicestershire opt to bowl,"North Marine Road Ground, Scarborough",2026-08-27,2026-08-27T10:00:00,"['Yorkshire', 'Leicestershire']","[{'name': 'Leicestershire', 'shortname': 'LECS', 'img': 'https://g.cricapi.com/iapi/1126-637889090878436462.webp?w=48'}, {'name': 'Yorkshire', 'shortname': 'YRK', 'img': 'https://g.cricapi.com/iapi/1139-637885552795894277.webp?w=48'}]","[{'r': 98, 'w': 2, 'o': 32.3, 'inning': 'Yorkshire Inning 1'}]",fc9cfc65-4ff6-47c4-baa2-05cc39830e5a,False,False,True,True,False
345,72c97402-850a-40a1-93d7-d0466af31471,"Glamorgan vs Hampshire, 49th Match, County Championship Division One 2026",test,Day 1: 2nd Session - Glamorgan opt to bowl,"Sophia Gardens, Cardiff",2026-08-27,2026-08-27T10:00:00,"['Glamorgan', 'Hampshire']","[{'name': 'Glamorgan', 'shortname': 'GLAM', 'img': 'https://g.cricapi.com/iapi/1120-637889090390357869.webp?w=48'}, {'name': 'Hampshire', 'shortname': 'HAM', 'img': 'https://g.cricapi.com/iapi/1122-637885550993657486.webp?w=48'}]","[{'r': 107, 'w': 5, 'o': 25.1, 'inning': 'Hampshire Inning 1'}]",fc9cfc65-4ff6-47c4-baa2-05cc39830e5a,False,False,True,True,False
346,3c647e81-d74e-47a3-90fb-e1d3f451d5f6,"Sussex vs Somerset, 50th Match, County Championship Division One 2026",test,Day 1: 2nd Session - Sussex opt to bowl,"County Ground, Hove",2026-08-27,2026-08-27T10:00:00,"['Sussex', 'Somerset']","[{'name': 'Somerset', 'shortname': 'SOM', 'img': 'https://g.cricapi.com/iapi/1131-637885552070524344.webp?w=48'}, {'name': 'Sussex', 'shortname': 'SUSS', 'img': 'https://g.cricapi.com/iapi/1134-637889091814592518.webp?w=48'}]","[{'r': 96, 'w': 5, 'o': 31.3, 'inning': 'Somerset Inning 1'}]",fc9cfc65-4ff6-47c4-baa2-05cc39830e5a,False,False,True,True,False
347,cc1c57c0-7ecf-4556-8465-47bbac896427,"England vs Pakistan, 2nd Test, Pakistan tour of England 2026",test,Day 1: 1st Session - Pakistan opt to bowl,"Lord's, London",2026-08-27,2026-08-27T10:00:00,"['England', 'Pakistan']","[{'name': 'England', 'shortname': 'ENG', 'img': 'https://g.cricapi.com/iapi/23-637877072894080569.webp?w=48'}, {'name': 'Pakistan', 'shortname': 'PAK', 'img': 'https://g.cricapi.com/iapi/66-637877075103236690.webp?w=48'}]","[{'r': 78, 'w': 4, 'o': 17.2, 'inning': 'England Inning 1'}]",4f8f04e8-8c11-402d-9bc3-48c09603d9d8,False,False,True,True,False
348,d7ad6f40-5f17-4a8e-8552-044453e33b43,"Luxembourg Women vs Belgium Women, 4th T20I, Belgium Women tour of Luxembourg, 2026",t20,Luxembourg Women won by 47 runs,"Pierre Werner Cricket Ground, Walferdange",2026-08-23,2026-08-23T13:30:00,"['Luxembourg Women', 'Belgium Women']","[{'name': 'Belgium Women', 'shortname': 'BW', 'img': 'https://h.cricapi.com/img/icon512.png'}, {'name': 'Luxembourg Women', 'shortname': 'LW', 'img': 'https://g.cricapi.com/iapi/623-637869397000752571.webp?w=48'}]","[{'r': 194, 'w': 0, 'o': 20, 'inning': 'Luxembourg Women Inning 1'}, {'r': 147, 'w': 8, 'o': 20, 'inning': 'Belgium Women Inning 1'}]",2959c81f-9df4-41f8-b9d7-f316975d9677,False,False,False,True,True
349,67c75be2-2cbe-4d4a-9b42-a71277bceab6,"Luxembourg Women vs Belgium Women, 3rd T20I, Belgium Women tour of Luxembourg, 2026",t20,Luxembourg Women won by 4 wkts,"Pierre Werner Cricket Ground, Walferdange",2026-08-23,2026-08-23T08:30:00,"['Luxembourg Women', 'Belgium Women']","[{'name': 'Belgium Women', 'shortname': 'BW', 'img': 'https://h.cricapi.com/img/icon512.png'}, {'name': 'Luxembourg Women', 'shortname': 'LW', 'img': 'https://g.cricapi.com/iapi/623-637869397000752571.webp?w=48'}]","[{'r': 121, 'w': 7, 'o': 20, 'inning': 'Belgium Women Inning 1'}, {'r': 122, 'w': 6, 'o': 18.4, 'inning': 'Luxembourg Women Inning 1'}]",2959c81f-9df4-41f8-b9d7-f316975d9677,False,False,False,True,True
350,1fa3bd8a-4bac-4ebb-b022-aba8281467e3,"Tanzania Women vs Uganda Women, 12th Match, Womens T20I Quadrangular Series in Namibia 2026",t20,Tanzania Women awarded the match (opposition refused to play),"Namibia Cricket Ground, Windhoek",2026-07-28,2026-07-28T12:00:00,"['Tanzania Women', 'Uganda Women']","[{'name': 'Tanzania Women', 'shortname': 'TAN-W', 'img': 'https://g.cricapi.com/iapi/3614-638101761273860958.webp?w=48'}, {'name': 'Uganda Women', 'shortname': 'UGAW', 'img': 'https://g.cricapi.com/iapi/1135-637877086844153505.webp?w=48'}]","[{'r': 116, 'w': 2, 'o': 16.4, 'inning': 'Uganda Women Inning 1'}]",3014a459-6e69-4f64-86eb-2f30a2cdbd0b,True,False,False,True,False
351,d13e1f53-6487-4b61-8b28-84c9833b3e42,"Trinbago Knight Riders vs Saint Lucia Kings, 17th Match, Caribbean Premier League 2026",t20,Saint Lucia Kings won by 36 runs,"Brian Lara Stadium, Tarouba, Trinidad",2026-08-26,2026-08-26T23:00:00,"['Trinbago Knight Riders', 'Saint Lucia Kings']","[{'name': 'Saint Lucia Kings', 'shortname': 'SLK', 'img': 'https://g.cricapi.com/iapi/266-637937643184202597.webp?w=48'}, {'name': 'Trinbago Knight Riders', 'shortname': 'TKR', 'img': 'https://g.cricapi.com/iapi/293-637932465560269082.png?w=48'}]","[{'r': 211, 'w': 4, 'o': 20, 'inning': 'Saint Lucia Kings Inning 1'}, {'r': 175, 'w': 6, 'o': 20, 'inning': 'Trinbago Knight Riders Inning 1'}]",929c36f6-9ed6-4cec-a2ad-910a2ee4f701,False,False,True,True,True
352,d9c33252-aad4-46a8-bc6d-ca87211717a5,"Antigua and Barbuda Falcons vs Barbados Tridents, 16th Match, Caribbean Premier League 2026",t20,Antigua and Barbuda Falcons won by 30 runs,"Sir Vivian Richards Stadium, North Sound, Antigua",2026-08-25,2026-08-25T23:00:00,"['Antigua and Barbuda Falcons', 'Barbados Tridents']","[{'name': 'Antigua and Barbuda Falcons', 'shortname': 'ABF', 'img': 'https://h.cricapi.com/img/icon512.png'}, {'name': 'Barbados Tridents', 'img': 'https://h.cricapi.com/img/icon512.png'}]","[{'r': 155, 'w': 5, 'o': 20, 'inning': 'Barbados Tridents Inning 1'}, {'r': 125, 'w': 10, 'o': 18, 'inning': 'Antigua and Barbuda Falcons Inning 1'}]",929c36f6-9ed6-4cec-a2ad-910a2ee4f701,False,False,True,True,True
353,82fc5df7-fe9f-4970-972f-993a0c251c14,"Antigua and Barbuda Falcons vs Guyana Amazon Warriors, 15th Match, Caribbean Premier League 2026",t20,Guyana Amazon Warriors won by 7 wkts,"Sir Vivian Richards Stadium, North Sound, Antigua",2026-08-23,2026-08-23T23:00:00,"['Antigua and Barbuda Falcons', 'Guyana Amazon Warriors']","[{'name': 'Antigua and Barbuda Falcons', 'shortname': 'ABF', 'img': 'https://h.cricapi.com/img/icon512.png'}, {'name': 'Guyana Amazon Warriors', 'shortname': 'GAW', 'img': 'https://g.cricapi.com/iapi/174-637945408285271060.webp?w=48'}]","[{'r': 116, 'w': 10, 'o': 17, 'inning': 'Antigua and Barbuda Falcons Inning 1'}, {'r': 121, 'w': 3, 'o': 9.5, 'inning': 'Guyana Amazon Warriors Inning 1'}]",929c36f6-9ed6-4cec-a2ad-910a2ee4f701,False,False,True,True,True
354,0a2f4fd1-eb88-4e99-a527-71a8a34775a4,"Trichy Grand Cholas vs Vida Kovai Kings, Qualifier 2, Tamil Nadu Premier League 2026",t20,Vida Kovai Kings won by 84 runs,"MA Chidambaram Stadium, Chennai",2026-08-26,2026-08-26T14:00:00,"['Trichy Grand Cholas', 'Vida Kovai Kings']","[{'name': 'Trichy Grand Cholas', 'shortname': 'TGC', 'img': 'https://h.cricapi.com/img/icon512.png'}, {'name': 'Vida Kovai Kings', 'img': 'https://h.cricapi.com/img/icon512.png'}]","[{'r': 183, 'w': 5, 'o': 20, 'inning': 'vida kovai kings Inning 1'}, {'r': 99, 'w': 10, 'o': 15.4, 'inning': 'Trichy Grand Cholas,Vida Kovai Kings Inning 1'}]",6c3c5876-5cfc-4490-9c8e-8ba90aec4323,False,False,True,True,True
355,bb130949-5eaa-46ff-89d5-883839da1e3a,"Vida Kovai Kings vs IDream Tiruppur Tamizhans, Eliminator, Tamil Nadu Premier League 2026",t20,No result due to rain,"MA Chidambaram Stadium, Chennai",2026-08-24,2026-08-24T14:00:00,"['Vida Kovai Kings', 'IDream Tiruppur Tamizhans']","[{'name': 'IDream Tiruppur Tamizhans', 'shortname': 'ITT', 'img': 'https://g.cricapi.com/iapi/181-637945148142038694.webp?w=48'}, {'name': 'Vida Kovai Kings', 'img': 'https://h.cricapi.com/img/icon512.png'}]","[{'r': 15, 'w': 0, 'o': 3, 'inning': 'IDream Tiruppur Tamizhans Inning 1'}]",6c3c5876-5cfc-4490-9c8e-8ba90aec4323,False,False,True,True,True
356,7d79a71a-0bd5-41eb-8920-6eae1081ba7e,"Madurai Panthers vs Trichy Grand Cholas, Qualifier 1, Tamil Nadu Premier League 2026",t20,No result due to rain - Madurai Panthers opt to bowl,"MA Chidambaram Stadium, Chennai",2026-08-23,2026-08-23T14:00:00,"['Madurai Panthers', 'Trichy Grand Cholas']","[{'name': 'Madurai Panthers', 'shortname': 'MP', 'img': 'https://g.cricapi.com/iapi/217-637940203723122310.webp?w=48'}, {'name': 'Trichy Grand Cholas', 'shortname': 'TGC', 'img': 'https://h.cricapi.com/img/icon512.png'}]","[{'r': 50, 'w': 1, 'o': 4.5, 'inning': 'Trichy Grand Cholas Inning 1'}]",6c3c5876-5cfc-4490-9c8e-8ba90aec4323,False,False,True,True,True
357,2b5a029a-aa13-4d1b-9bbe-cb6446ee7e9b,"Durham vs Gloucestershire, 40th Match, County Championship Division Two 2026",test,Day 1: 2nd Session - Durham opt to bowl,"Riverside Ground, Chester-le-Street",2026-08-27,2026-08-27T10:00:00,"['Durham', 'Gloucestershire']","[{'name': 'Durham', 'shortname': 'DURH', 'img': 'https://g.cricapi.com/iapi/1118-637889090599643548.webp?w=48'}, {'name': 'Gloucestershire', 'shortname': 'GLOU', 'img': 'https://g.cricapi.com/iapi/1121-637885550747990018.webp?w=48'}]","[{'r': 106, 'w': 5, 'o': 30, 'inning': 'Gloucestershire Inning 1'}]",dfe730c5-873d-44ce-955c-00d82716749b,False,False,True,True,False
358,cb970852-df8b-48bf-8b2f-7098db5e19d9,"Essex vs Surrey, 47th Match, County Championship Division One 2026",test,Day 1: 2nd Session - Essex opt to bowl,"The Ambassador Cruise Line Ground, Chelmsford",2026-08-27,2026-08-27T10:00:00,"['Essex', 'Surrey']","[{'name': 'Essex', 'shortname': 'ESX', 'img': 'https://g.cricapi.com/iapi/1119-637885549753088458.webp?w=48'}, {'name': 'Surrey', 'shortname': 'SUR', 'img': 'https://g.cricapi.com/iapi/1133-637885552361099530.webp?w=48'}]","[{'r': 16, 'w': 1, 'o': 6, 'inning': 'Surrey Inning 1'}]",fc9cfc65-4ff6-47c4-baa2-05cc39830e5a,False,False,True,True,False
359,80b734be-dda7-4fbf-bd08-f00321aeb492,"Yorkshire vs Leicestershire, 48th Match, County Championship Division One 2026",test,Day 1: 2nd Session - Leicestershire opt to bowl,"North Marine Road Ground, Scarborough",2026-08-27,2026-08-27T10:00:00,"['Yorkshire', 'Leicestershire']","[{'name': 'Leicestershire', 'shortname': 'LECS', 'img': 'https://g.cricapi.com/iapi/1126-637889090878436462.webp?w=48'}, {'name': 'Yorkshire', 'shortname': 'YRK', 'img': 'https://g.cricapi.com/iapi/1139-637885552795894277.webp?w=48'}]","[{'r': 98, 'w': 2, 'o': 32.3, 'inning': 'Yorkshire Inning 1'}]",fc9cfc65-4ff6-47c4-baa2-05cc39830e5a,False,False,True,True,False
360,72c97402-850a-40a1-93d7-d0466af31471,"Glamorgan vs Hampshire, 49th Match, County Championship Division One 2026",test,Day 1: 2nd Session - Glamorgan opt to bowl,"Sophia Gardens, Cardiff",2026-08-27,2026-08-27T10:00:00,"['Glamorgan', 'Hampshire']","[{'name': 'Glamorgan', 'shortname': 'GLAM', 'img': 'https://g.cricapi.com/iapi/1120-637889090390357869.webp?w=48'}, {'name': 'Hampshire', 'shortname': 'HAM', 'img': 'https://g.cricapi.com/iapi/1122-637885550993657486.webp?w=48'}]","[{'r': 107, 'w': 5, 'o': 25.1, 'inning': 'Hampshire Inning 1'}]",fc9cfc65-4ff6-47c4-baa2-05cc39830e5a,False,False,True,True,False
361,3c647e81-d74e-47a3-90fb-e1d3f451d5f6,"Sussex vs Somerset, 50th Match, County Championship Division One 2026",test,Day 1: 2nd Session - Sussex opt to bowl,"County Ground, Hove",2026-08-27,2026-08-27T10:00:00,"['Sussex', 'Somerset']","[{'name': 'Somerset', 'shortname': 'SOM', 'img': 'https://g.cricapi.com/iapi/1131-637885552070524344.webp?w=48'}, {'name': 'Sussex', 'shortname': 'SUSS', 'img': 'https://g.cricapi.com/iapi/1134-637889091814592518.webp?w=48'}]","[{'r': 96, 'w': 5, 'o': 31.3, 'inning': 'Somerset Inning 1'}]",fc9cfc65-4ff6-47c4-baa2-05cc39830e5a,False,False,True,True,False
362,cc1c57c0-7ecf-4556-8465-47bbac896427,"England vs Pakistan, 2nd Test, Pakistan tour of England 2026",test,Day 1: 1st Session - Pakistan opt to bowl,"Lord's, London",2026-08-27,2026-08-27T10:00:00,"['England', 'Pakistan']","[{'name': 'England', 'shortname': 'ENG', 'img': 'https://g.cricapi.com/iapi/23-637877072894080569.webp?w=48'}, {'name': 'Pakistan', 'shortname': 'PAK', 'img': 'https://g.cricapi.com/iapi/66-637877075103236690.webp?w=48'}]","[{'r': 78, 'w': 4, 'o': 17.2, 'inning': 'England Inning 1'}]",4f8f04e8-8c11-402d-9bc3-48c09603d9d8,False,False,True,True,False
363,d7ad6f40-5f17-4a8e-8552-044453e33b43,"Luxembourg Women vs Belgium Women, 4th T20I, Belgium Women tour of Luxembourg, 2026",t20,Luxembourg Women won by 47 runs,"Pierre Werner Cricket Ground, Walferdange",2026-08-23,2026-08-23T13:30:00,"['Luxembourg Women', 'Belgium Women']","[{'name': 'Belgium Women', 'shortname': 'BW', 'img': 'https://h.cricapi.com/img/icon512.png'}, {'name': 'Luxembourg Women', 'shortname': 'LW', 'img': 'https://g.cricapi.com/iapi/623-637869397000752571.webp?w=48'}]","[{'r': 194, 'w': 0, 'o': 20, 'inning': 'Luxembourg Women Inning 1'}, {'r': 147, 'w': 8, 'o': 20, 'inning': 'Belgium Women Inning 1'}]",2959c81f-9df4-41f8-b9d7-f316975d9677,False,False,False,True,True
364,67c75be2-2cbe-4d4a-9b42-a71277bceab6,"Luxembourg Women vs Belgium Women, 3rd T20I, Belgium Women tour of Luxembourg, 2026",t20,Luxembourg Women won by 4 wkts,"Pierre Werner Cricket Ground, Walferdange",2026-08-23,2026-08-23T08:30:00,"['Luxembourg Women', 'Belgium Women']","[{'name': 'Belgium Women', 'shortname': 'BW', 'img': 'https://h.cricapi.com/img/icon512.png'}, {'name': 'Luxembourg Women', 'shortname': 'LW', 'img': 'https://g.cricapi.com/iapi/623-637869397000752571.webp?w=48'}]","[{'r': 121, 'w': 7, 'o': 20, 'inning': 'Belgium Women Inning 1'}, {'r': 122, 'w': 6, 'o': 18.4, 'inning': 'Luxembourg Women Inning 1'}]",2959c81f-9df4-41f8-b9d7-f316975d9677,False,False,False,True,True
365,1fa3bd8a-4bac-4ebb-b022-aba8281467e3,"Tanzania Women vs Uganda Women, 12th Match, Womens T20I Quadrangular Series in Namibia 2026",t20,Tanzania Women awarded the match (opposition refused to play),"Namibia Cricket Ground, Windhoek",2026-07-28,2026-07-28T12:00:00,"['Tanzania Women', 'Uganda Women']","[{'name': 'Tanzania Women', 'shortname': 'TAN-W', 'img': 'https://g.cricapi.com/iapi/3614-638101761273860958.webp?w=48'}, {'name': 'Uganda Women', 'shortname': 'UGAW', 'img': 'https://g.cricapi.com/iapi/1135-637877086844153505.webp?w=48'}]","[{'r': 116, 'w': 2, 'o': 16.4, 'inning': 'Uganda Women Inning 1'}]",3014a459-6e69-4f64-86eb-2f30a2cdbd0b,True,False,False,True,False
366,d13e1f53-6487-4b61-8b28-84c9833b3e42,"Trinbago Knight Riders vs Saint Lucia Kings, 17th Match, Caribbean Premier League 2026",t20,Saint Lucia Kings won by 36 runs,"Brian Lara Stadium, Tarouba, Trinidad",2026-08-26,2026-08-26T23:00:00,"['Trinbago Knight Riders', 'Saint Lucia Kings']","[{'name': 'Saint Lucia Kings', 'shortname': 'SLK', 'img': 'https://g.cricapi.com/iapi/266-637937643184202597.webp?w=48'}, {'name': 'Trinbago Knight Riders', 'shortname': 'TKR', 'img': 'https://g.cricapi.com/iapi/293-637932465560269082.png?w=48'}]","[{'r': 211, 'w': 4, 'o': 20, 'inning': 'Saint Lucia Kings Inning 1'}, {'r': 175, 'w': 6, 'o': 20, 'inning': 'Trinbago Knight Riders Inning 1'}]",929c36f6-9ed6-4cec-a2ad-910a2ee4f701,False,False,True,True,True
367,d9c33252-aad4-46a8-bc6d-ca87211717a5,"Antigua and Barbuda Falcons vs Barbados Tridents, 16th Match, Caribbean Premier League 2026",t20,Antigua and Barbuda Falcons won by 30 runs,"Sir Vivian Richards Stadium, North Sound, Antigua",2026-08-25,2026-08-25T23:00:00,"['Antigua and Barbuda Falcons', 'Barbados Tridents']","[{'name': 'Antigua and Barbuda Falcons', 'shortname': 'ABF', 'img': 'https://h.cricapi.com/img/icon512.png'}, {'name': 'Barbados Tridents', 'img': 'https://h.cricapi.com/img/icon512.png'}]","[{'r': 155, 'w': 5, 'o': 20, 'inning': 'Barbados Tridents Inning 1'}, {'r': 125, 'w': 10, 'o': 18, 'inning': 'Antigua and Barbuda Falcons Inning 1'}]",929c36f6-9ed6-4cec-a2ad-910a2ee4f701,False,False,True,True,True
368,82fc5df7-fe9f-4970-972f-993a0c251c14,"Antigua and Barbuda Falcons vs Guyana Amazon Warriors, 15th Match, Caribbean Premier League 2026",t20,Guyana Amazon Warriors won by 7 wkts,"Sir Vivian Richards Stadium, North Sound, Antigua",2026-08-23,2026-08-23T23:00:00,"['Antigua and Barbuda Falcons', 'Guyana Amazon Warriors']","[{'name': 'Antigua and Barbuda Falcons', 'shortname': 'ABF', 'img': 'https://h.cricapi.com/img/icon512.png'}, {'name': 'Guyana Amazon Warriors', 'shortname': 'GAW', 'img': 'https://g.cricapi.com/iapi/174-637945408285271060.webp?w=48'}]","[{'r': 116, 'w': 10, 'o': 17, 'inning': 'Antigua and Barbuda Falcons Inning 1'}, {'r': 121, 'w': 3, 'o': 9.5, 'inning': 'Guyana Amazon Warriors Inning 1'}]",929c36f6-9ed6-4cec-a2ad-910a2ee4f701,False,False,True,True,True
369,0a2f4fd1-eb88-4e99-a527-71a8a34775a4,"Trichy Grand Cholas vs Vida Kovai Kings, Qualifier 2, Tamil Nadu Premier League 2026",t20,Vida Kovai Kings won by 84 runs,"MA Chidambaram Stadium, Chennai",2026-08-26,2026-08-26T14:00:00,"['Trichy Grand Cholas', 'Vida Kovai Kings']","[{'name': 'Trichy Grand Cholas', 'shortname': 'TGC', 'img': 'https://h.cricapi.com/img/icon512.png'}, {'name': 'Vida Kovai Kings', 'img': 'https://h.cricapi.com/img/icon512.png'}]","[{'r': 183, 'w': 5, 'o': 20, 'inning': 'vida kovai kings Inning 1'}, {'r': 99, 'w': 10, 'o': 15.4, 'inning': 'Trichy Grand Cholas,Vida Kovai Kings Inning 1'}]",6c3c5876-5cfc-4490-9c8e-8ba90aec4323,False,False,True,True,True
370,bb130949-5eaa-46ff-89d5-883839da1e3a,"Vida Kovai Kings vs IDream Tiruppur Tamizhans, Eliminator, Tamil Nadu Premier League 2026",t20,No result due to rain,"MA Chidambaram Stadium, Chennai",2026-08-24,2026-08-24T14:00:00,"['Vida Kovai Kings', 'IDream Tiruppur Tamizhans']","[{'name': 'IDream Tiruppur Tamizhans', 'shortname': 'ITT', 'img': 'https://g.cricapi.com/iapi/181-637945148142038694.webp?w=48'}, {'name': 'Vida Kovai Kings', 'img': 'https://h.cricapi.com/img/icon512.png'}]","[{'r': 15, 'w': 0, 'o': 3, 'inning': 'IDream Tiruppur Tamizhans Inning 1'}]",6c3c5876-5cfc-4490-9c8e-8ba90aec4323,False,False,True,True,True
371,7d79a71a-0bd5-41eb-8920-6eae1081ba7e,"Madurai Panthers vs Trichy Grand Cholas, Qualifier 1, Tamil Nadu Premier League 2026",t20,No result due to rain - Madurai Panthers opt to bowl,"MA Chidambaram Stadium, Chennai",2026-08-23,2026-08-23T14:00:00,"['Madurai Panthers', 'Trichy Grand Cholas']","[{'name': 'Madurai Panthers', 'shortname': 'MP', 'img': 'https://g.cricapi.com/iapi/217-637940203723122310.webp?w=48'}, {'name': 'Trichy Grand Cholas', 'shortname': 'TGC', 'img': 'https://h.cricapi.com/img/icon512.png'}]","[{'r': 50, 'w': 1, 'o': 4.5, 'inning': 'Trichy Grand Cholas Inning 1'}]",6c3c5876-5cfc-4490-9c8e-8ba90aec4323,False,False,True,True,True
372,2b5a029a-aa13-4d1b-9bbe-cb6446ee7e9b,"Durham vs Gloucestershire, 40th Match, County Championship Division Two 2026",test,Day 1: 2nd Session - Durham opt to bowl,"Riverside Ground, Chester-le-Street",2026-08-27,2026-08-27T10:00:00,"['Durham', 'Gloucestershire']","[{'name': 'Durham', 'shortname': 'DURH', 'img': 'https://g.cricapi.com/iapi/1118-637889090599643548.webp?w=48'}, {'name': 'Gloucestershire', 'shortname': 'GLOU', 'img': 'https://g.cricapi.com/iapi/1121-637885550747990018.webp?w=48'}]","[{'r': 106, 'w': 5, 'o': 30, 'inning': 'Gloucestershire Inning 1'}]",dfe730c5-873d-44ce-955c-00d82716749b,False,False,True,True,False
373,cb970852-df8b-48bf-8b2f-7098db5e19d9,"Essex vs Surrey, 47th Match, County Championship Division One 2026",test,Day 1: 2nd Session - Essex opt to bowl,"The Ambassador Cruise Line Ground, Chelmsford",2026-08-27,2026-08-27T10:00:00,"['Essex', 'Surrey']","[{'name': 'Essex', 'shortname': 'ESX', 'img': 'https://g.cricapi.com/iapi/1119-637885549753088458.webp?w=48'}, {'name': 'Surrey', 'shortname': 'SUR', 'img': 'https://g.cricapi.com/iapi/1133-637885552361099530.webp?w=48'}]","[{'r': 16, 'w': 1, 'o': 6, 'inning': 'Surrey Inning 1'}]",fc9cfc65-4ff6-47c4-baa2-05cc39830e5a,False,False,True,True,False
374,80b734be-dda7-4fbf-bd08-f00321aeb492,"Yorkshire vs Leicestershire, 48th Match, County Championship Division One 2026",test,Day 1: 2nd Session - Leicestershire opt to bowl,"North Marine Road Ground, Scarborough",2026-08-27,2026-08-27T10:00:00,"['Yorkshire', 'Leicestershire']","[{'name': 'Leicestershire', 'shortname': 'LECS', 'img': 'https://g.cricapi.com/iapi/1126-637889090878436462.webp?w=48'}, {'name': 'Yorkshire', 'shortname': 'YRK', 'img': 'https://g.cricapi.com/iapi/1139-637885552795894277.webp?w=48'}]","[{'r': 98, 'w': 2, 'o': 32.3, 'inning': 'Yorkshire Inning 1'}]",fc9cfc65-4ff6-47c4-baa2-05cc39830e5a,False,False,True,True,False
375,72c97402-850a-40a1-93d7-d0466af31471,"Glamorgan vs Hampshire, 49th Match, County Championship Division One 2026",test,Day 1: 2nd Session - Glamorgan opt to bowl,"Sophia Gardens, Cardiff",2026-08-27,2026-08-27T10:00:00,"['Glamorgan', 'Hampshire']","[{'name': 'Glamorgan', 'shortname': 'GLAM', 'img': 'https://g.cricapi.com/iapi/1120-637889090390357869.webp?w=48'}, {'name': 'Hampshire', 'shortname': 'HAM', 'img': 'https://g.cricapi.com/iapi/1122-637885550993657486.webp?w=48'}]","[{'r': 107, 'w': 5, 'o': 25.1, 'inning': 'Hampshire Inning 1'}]",fc9cfc65-4ff6-47c4-baa2-05cc39830e5a,False,False,True,True,False
376,3c647e81-d74e-47a3-90fb-e1d3f451d5f6,"Sussex vs Somerset, 50th Match, County Championship Division One 2026",test,Day 1: 2nd Session - Sussex opt to bowl,"County Ground, Hove",2026-08-27,2026-08-27T10:00:00,"['Sussex', 'Somerset']","[{'name': 'Somerset', 'shortname': 'SOM', 'img': 'https://g.cricapi.com/iapi/1131-637885552070524344.webp?w=48'}, {'name': 'Sussex', 'shortname': 'SUSS', 'img': 'https://g.cricapi.com/iapi/1134-637889091814592518.webp?w=48'}]","[{'r': 96, 'w': 5, 'o': 31.3, 'inning': 'Somerset Inning 1'}]",fc9cfc65-4ff6-47c4-baa2-05cc39830e5a,False,False,True,True,False
377,cc1c57c0-7ecf-4556-8465-47bbac896427,"England vs Pakistan, 2nd Test, Pakistan tour of England 2026",test,Day 1: 1st Session - Pakistan opt to bowl,"Lord's, London",2026-08-27,2026-08-27T10:00:00,"['England', 'Pakistan']","[{'name': 'England', 'shortname': 'ENG', 'img': 'https://g.cricapi.com/iapi/23-637877072894080569.webp?w=48'}, {'name': 'Pakistan', 'shortname': 'PAK', 'img': 'https://g.cricapi.com/iapi/66-637877075103236690.webp?w=48'}]","[{'r': 78, 'w': 4, 'o': 17.2, 'inning': 'England Inning 1'}]",4f8f04e8-8c11-402d-9bc3-48c09603d9d8,False,False,True,True,False
378,d7ad6f40-5f17-4a8e-8552-044453e33b43,"Luxembourg Women vs Belgium Women, 4th T20I, Belgium Women tour of Luxembourg, 2026",t20,Luxembourg Women won by 47 runs,"Pierre Werner Cricket Ground, Walferdange",2026-08-23,2026-08-23T13:30:00,"['Luxembourg Women', 'Belgium Women']","[{'name': 'Belgium Women', 'shortname': 'BW', 'img': 'https://h.cricapi.com/img/icon512.png'}, {'name': 'Luxembourg Women', 'shortname': 'LW', 'img': 'https://g.cricapi.com/iapi/623-637869397000752571.webp?w=48'}]","[{'r': 194, 'w': 0, 'o': 20, 'inning': 'Luxembourg Women Inning 1'}, {'r': 147, 'w': 8, 'o': 20, 'inning': 'Belgium Women Inning 1'}]",2959c81f-9df4-41f8-b9d7-f316975d9677,False,False,False,True,True
379,67c75be2-2cbe-4d4a-9b42-a71277bceab6,"Luxembourg Women vs Belgium Women, 3rd T20I, Belgium Women tour of Luxembourg, 2026",t20,Luxembourg Women won by 4 wkts,"Pierre Werner Cricket Ground, Walferdange",2026-08-23,2026-08-23T08:30:00,"['Luxembourg Women', 'Belgium Women']","[{'name': 'Belgium Women', 'shortname': 'BW', 'img': 'https://h.cricapi.com/img/icon512.png'}, {'name': 'Luxembourg Women', 'shortname': 'LW', 'img': 'https://g.cricapi.com/iapi/623-637869397000752571.webp?w=48'}]","[{'r': 121, 'w': 7, 'o': 20, 'inning': 'Belgium Women Inning 1'}, {'r': 122, 'w': 6, 'o': 18.4, 'inning': 'Luxembourg Women Inning 1'}]",2959c81f-9df4-41f8-b9d7-f316975d9677,False,False,False,True,True
380,1fa3bd8a-4bac-4ebb-b022-aba8281467e3,"Tanzania Women vs Uganda Women, 12th Match, Womens T20I Quadrangular Series in Namibia 2026",t20,Tanzania Women awarded the match (opposition refused to play),"Namibia Cricket Ground, Windhoek",2026-07-28,2026-07-28T12:00:00,"['Tanzania Women', 'Uganda Women']","[{'name': 'Tanzania Women', 'shortname': 'TAN-W', 'img': 'https://g.cricapi.com/iapi/3614-638101761273860958.webp?w=48'}, {'name': 'Uganda Women', 'shortname': 'UGAW', 'img': 'https://g.cricapi.com/iapi/1135-637877086844153505.webp?w=48'}]","[{'r': 116, 'w': 2, 'o': 16.4, 'inning': 'Uganda Women Inning 1'}]",3014a459-6e69-4f64-86eb-2f30a2cdbd0b,True,False,False,True,False
381,d13e1f53-6487-4b61-8b28-84c9833b3e42,"Trinbago Knight Riders vs Saint Lucia Kings, 17th Match, Caribbean Premier League 2026",t20,Saint Lucia Kings won by 36 runs,"Brian Lara Stadium, Tarouba, Trinidad",2026-08-26,2026-08-26T23:00:00,"['Trinbago Knight Riders', 'Saint Lucia Kings']","[{'name': 'Saint Lucia Kings', 'shortname': 'SLK', 'img': 'https://g.cricapi.com/iapi/266-637937643184202597.webp?w=48'}, {'name': 'Trinbago Knight Riders', 'shortname': 'TKR', 'img': 'https://g.cricapi.com/iapi/293-637932465560269082.png?w=48'}]","[{'r': 211, 'w': 4, 'o': 20, 'inning': 'Saint Lucia Kings Inning 1'}, {'r': 175, 'w': 6, 'o': 20, 'inning': 'Trinbago Knight Riders Inning 1'}]",929c36f6-9ed6-4cec-a2ad-910a2ee4f701,False,False,True,True,True
382,d9c33252-aad4-46a8-bc6d-ca87211717a5,"Antigua and Barbuda Falcons vs Barbados Tridents, 16th Match, Caribbean Premier League 2026",t20,Antigua and Barbuda Falcons won by 30 runs,"Sir Vivian Richards Stadium, North Sound, Antigua",2026-08-25,2026-08-25T23:00:00,"['Antigua and Barbuda Falcons', 'Barbados Tridents']","[{'name': 'Antigua and Barbuda Falcons', 'shortname': 'ABF', 'img': 'https://h.cricapi.com/img/icon512.png'}, {'name': 'Barbados Tridents', 'img': 'https://h.cricapi.com/img/icon512.png'}]","[{'r': 155, 'w': 5, 'o': 20, 'inning': 'Barbados Tridents Inning 1'}, {'r': 125, 'w': 10, 'o': 18, 'inning': 'Antigua and Barbuda Falcons Inning 1'}]",929c36f6-9ed6-4cec-a2ad-910a2ee4f701,False,False,True,True,True
383,82fc5df7-fe9f-4970-972f-993a0c251c14,"Antigua and Barbuda Falcons vs Guyana Amazon Warriors, 15th Match, Caribbean Premier League 2026",t20,Guyana Amazon Warriors won by 7 wkts,"Sir Vivian Richards Stadium, North Sound, Antigua",2026-08-23,2026-08-23T23:00:00,"['Antigua and Barbuda Falcons', 'Guyana Amazon Warriors']","[{'name': 'Antigua and Barbuda Falcons', 'shortname': 'ABF', 'img': 'https://h.cricapi.com/img/icon512.png'}, {'name': 'Guyana Amazon Warriors', 'shortname': 'GAW', 'img': 'https://g.cricapi.com/iapi/174-637945408285271060.webp?w=48'}]","[{'r': 116, 'w': 10, 'o': 17, 'inning': 'Antigua and Barbuda Falcons Inning 1'}, {'r': 121, 'w': 3, 'o': 9.5, 'inning': 'Guyana Amazon Warriors Inning 1'}]",929c36f6-9ed6-4cec-a2ad-910a2ee4f701,False,False,True,True,True
384,0a2f4fd1-eb88-4e99-a527-71a8a34775a4,"Trichy Grand Cholas vs Vida Kovai Kings, Qualifier 2, Tamil Nadu Premier League 2026",t20,Vida Kovai Kings won by 84 runs,"MA Chidambaram Stadium, Chennai",2026-08-26,2026-08-26T14:00:00,"['Trichy Grand Cholas', 'Vida Kovai Kings']","[{'name': 'Trichy Grand Cholas', 'shortname': 'TGC', 'img': 'https://h.cricapi.com/img/icon512.png'}, {'name': 'Vida Kovai Kings', 'img': 'https://h.cricapi.com/img/icon512.png'}]","[{'r': 183, 'w': 5, 'o': 20, 'inning': 'vida kovai kings Inning 1'}, {'r': 99, 'w': 10, 'o': 15.4, 'inning': 'Trichy Grand Cholas,Vida Kovai Kings Inning 1'}]",6c3c5876-5cfc-4490-9c8e-8ba90aec4323,False,False,True,True,True
385,bb130949-5eaa-46ff-89d5-883839da1e3a,"Vida Kovai Kings vs IDream Tiruppur Tamizhans, Eliminator, Tamil Nadu Premier League 2026",t20,No result due to rain,"MA Chidambaram Stadium, Chennai",2026-08-24,2026-08-24T14:00:00,"['Vida Kovai Kings', 'IDream Tiruppur Tamizhans']","[{'name': 'IDream Tiruppur Tamizhans', 'shortname': 'ITT', 'img': 'https://g.cricapi.com/iapi/181-637945148142038694.webp?w=48'}, {'name': 'Vida Kovai Kings', 'img': 'https://h.cricapi.com/img/icon512.png'}]","[{'r': 15, 'w': 0, 'o': 3, 'inning': 'IDream Tiruppur Tamizhans Inning 1'}]",6c3c5876-5cfc-4490-9c8e-8ba90aec4323,False,False,True,True,True
386,7d79a71a-0bd5-41eb-8920-6eae1081ba7e,"Madurai Panthers vs Trichy Grand Cholas, Qualifier 1, Tamil Nadu Premier League 2026",t20,No result due to rain - Madurai Panthers opt to bowl,"MA Chidambaram Stadium, Chennai",2026-08-23,2026-08-23T14:00:00,"['Madurai Panthers', 'Trichy Grand Cholas']","[{'name': 'Madurai Panthers', 'shortname': 'MP', 'img': 'https://g.cricapi.com/iapi/217-637940203723122310.webp?w=48'}, {'name': 'Trichy Grand Cholas', 'shortname': 'TGC', 'img': 'https://h.cricapi.com/img/icon512.png'}]","[{'r': 50, 'w': 1, 'o': 4.5, 'inning': 'Trichy Grand Cholas Inning 1'}]",6c3c5876-5cfc-4490-9c8e-8ba90aec4323,False,False,True,True,True
387,2b5a029a-aa13-4d1b-9bbe-cb6446ee7e9b,"Durham vs Gloucestershire, 40th Match, County Championship Division Two 2026",test,Day 1: 2nd Session - Durham opt to bowl,"Riverside Ground, Chester-le-Street",2026-08-27,2026-08-27T10:00:00,"['Durham', 'Gloucestershire']","[{'name': 'Durham', 'shortname': 'DURH', 'img': 'https://g.cricapi.com/iapi/1118-637889090599643548.webp?w=48'}, {'name': 'Gloucestershire', 'shortname': 'GLOU', 'img': 'https://g.cricapi.com/iapi/1121-637885550747990018.webp?w=48'}]","[{'r': 106, 'w': 5, 'o': 30, 'inning': 'Gloucestershire Inning 1'}]",dfe730c5-873d-44ce-955c-00d82716749b,False,False,True,True,False
388,cb970852-df8b-48bf-8b2f-7098db5e19d9,"Essex vs Surrey, 47th Match, County Championship Division One 2026",test,Day 1: 2nd Session - Essex opt to bowl,"The Ambassador Cruise Line Ground, Chelmsford",2026-08-27,2026-08-27T10:00:00,"['Essex', 'Surrey']","[{'name': 'Essex', 'shortname': 'ESX', 'img': 'https://g.cricapi.com/iapi/1119-637885549753088458.webp?w=48'}, {'name': 'Surrey', 'shortname': 'SUR', 'img': 'https://g.cricapi.com/iapi/1133-637885552361099530.webp?w=48'}]","[{'r': 16, 'w': 1, 'o': 6, 'inning': 'Surrey Inning 1'}]",fc9cfc65-4ff6-47c4-baa2-05cc39830e5a,False,False,True,True,False
389,80b734be-dda7-4fbf-bd08-f00321aeb492,"Yorkshire vs Leicestershire, 48th Match, County Championship Division One 2026",test,Day 1: 2nd Session - Leicestershire opt to bowl,"North Marine Road Ground, Scarborough",2026-08-27,2026-08-27T10:00:00,"['Yorkshire', 'Leicestershire']","[{'name': 'Leicestershire', 'shortname': 'LECS', 'img': 'https://g.cricapi.com/iapi/1126-637889090878436462.webp?w=48'}, {'name': 'Yorkshire', 'shortname': 'YRK', 'img': 'https://g.cricapi.com/iapi/1139-637885552795894277.webp?w=48'}]","[{'r': 98, 'w': 2, 'o': 32.3, 'inning': 'Yorkshire Inning 1'}]",fc9cfc65-4ff6-47c4-baa2-05cc39830e5a,False,False,True,True,False
390,72c97402-850a-40a1-93d7-d0466af31471,"Glamorgan vs Hampshire, 49th Match, County Championship Division One 2026",test,Day 1: 2nd Session - Glamorgan opt to bowl,"Sophia Gardens, Cardiff",2026-08-27,2026-08-27T10:00:00,"['Glamorgan', 'Hampshire']","[{'name': 'Glamorgan', 'shortname': 'GLAM', 'img': 'https://g.cricapi.com/iapi/1120-637889090390357869.webp?w=48'}, {'name': 'Hampshire', 'shortname': 'HAM', 'img': 'https://g.cricapi.com/iapi/1122-637885550993657486.webp?w=48'}]","[{'r': 107, 'w': 5, 'o': 25.1, 'inning': 'Hampshire Inning 1'}]",fc9cfc65-4ff6-47c4-baa2-05cc39830e5a,False,False,True,True,False
391,3c647e81-d74e-47a3-90fb-e1d3f451d5f6,"Sussex vs Somerset, 50th Match, County Championship Division One 2026",test,Day 1: 2nd Session - Sussex opt to bowl,"County Ground, Hove",2026-08-27,2026-08-27T10:00:00,"['Sussex', 'Somerset']","[{'name': 'Somerset', 'shortname': 'SOM', 'img': 'https://g.cricapi.com/iapi/1131-637885552070524344.webp?w=48'}, {'name': 'Sussex', 'shortname': 'SUSS', 'img': 'https://g.cricapi.com/iapi/1134-637889091814592518.webp?w=48'}]","[{'r': 96, 'w': 5, 'o': 31.3, 'inning': 'Somerset Inning 1'}]",fc9cfc65-4ff6-47c4-baa2-05cc39830e5a,False,False,True,True,False
